CSD refcode,CIF filename
ABEDEU,abedeu_P1_H
ABEFUL,abeful_P1_H
ABETIN,abetin_P1_charged_H
ABIRAI,abirai_P1_H
ACALEX,acalex_P1_H
ACALIB,acalib_P1_H
ACAZOX,acazox_P1_H
ACIBOE,aciboe_P1_H
ACMPCD,acmpcd_P1_H
ACOBEC,acobec_P1_H
ACODON,acodon_P1_charged_H
ACUFEK,acufek_P1_H
ACUTOI,acutoi_P1_H
ADABAK01,adabak01_P1_H
ADASIJ,adasij_P1_H
ADASOP,adasop_P1_H
ADATAC,adatac_P1_H
ADATIK,adatik_P1_H
ADINCU,adincu_P1_charged_H
ADOGUZ,adoguz_P1_H
ADOSUL,adosul_P1_H
ADUROI,aduroi_P1_H
ADUWIH,aduwih_P1_H
ADUWON,aduwon_P1_charged_H
AFIPAH,afipah_P1_H
AFOYEB,afoyeb_P1_H
AGABIU,agabiu_P1_charged_H
AGESIP,agesip_P1_H
AGOFEJ,agofej_P1_charged_H
AHEBAS,ahebas_P1_H
AHEQAH,aheqah_P1_H
AJAKON,ajakon_P1_H
AJIGIL,ajigil_P1_H
AJUHOF,ajuhof_P1_H
AJUHUL,ajuhul_P1_H
AKOBAF,akobaf_P1_charged_H
ALAHUS,alahus_P1_H
ALAJOP,alajop_P1_H
ALAJOP01,alajop01_P1_H
ALEJAE,alejae_P1_H
ALEJEI,alejei_P1_H
ALEJIM,alejim_P1_H
ALIXUP,alixup_P1_H
ALOLES,aloles_P1_charged_H
ALOYEI,aloyei_P1_H
ALUDIX,aludix_P1_H
AMEJIM,amejim_P1_charged_H
AMIZEC,amizec_P1_H
AMUVAI,amuvai_P1_charged_H
AMUWUB,amuwub_P1_H
AMUXAI,amuxai_P1_charged_H
ANEHEI,anehei_P1_H
ANOMIC,anomic_P1_H
ANUGEW,anugew_P1_H
ANUGIA,anugia_P1_H
ANUGOG,anugog_P1_H
AQAGEH,aqageh_P1_charged_H
ARAGOR,aragor_P1_H
ARECOS,arecos_P1_H
AROFAP,arofap_P1_H
AROFET,arofet_P1_H
ARUCUN,arucun_P1_H
ARUDAU,arudau_P1_H
ASAMUE,asamue_P1_H
ATEYED,ateyed_P1_charged_H
ATIFIV,atifiv_P1_H
ATUXOE,atuxoe_P1_charged_H
ATUXUK,atuxuk_P1_charged_H
ATUYAR,atuyar_P1_charged_H
AVAJUE02,avajue02_P1_H
AVAKAL02,avakal02_P1_H
AVAKEP02,avakep02_P1_H
AVELOD,avelod_P1_H
AVEMAQ,avemaq_P1_H
AVEQID,aveqid_P1_H
AVIHIY,avihiy_P1_H
AVIHOE,avihoe_P1_H
AVIRIJ,avirij_P1_H
AVOREL,avorel_P1_H
AVUCEA,avucea_P1_H
AVUPIR,avupir_P1_H
AWAKEQ,awakeq_P1_H
AWASAU,awasau_P1_H
AWASEY,awasey_P1_H
AWEGEP,awegep_P1_H
AWEVIJ,awevij_P1_charged_H
AXINAX01,axinax01_P1_H
AXINIF,axinif_P1_H
AXUBOL,axubol_P1_H
AYOQEM,ayoqem_P1_H
AZEKIC,azekic_P1_charged_H
AZEKOI,azekoi_P1_charged_H
AZOXUL,azoxul_P1_charged_H
AZUHUB,azuhub_P1_H
AZUJOX,azujox_P1_H
BACMOH,bacmoh_P1_H
BACSIL,bacsil_P1_H
BAFBES,bafbes_P1_charged_H
BAGRIN,bagrin_P1_H
BAHCOF,bahcof_P1_H
BAKJEE,bakjee_P1_H
BAKSIS,baksis_P1_H
BAMKOS,bamkos_P1_charged_H
BARMEP,barmep_P1_charged_H
BATXIG,batxig_P1_H
BAWRUO,bawruo_P1_charged_H
BAXREY,baxrey_P1_H
BAZBOU01,bazbou01_P1_H
BAZFUF,bazfuf_P1_H
BAZFUF01,bazfuf01_P1_H
BAZGAM,bazgam_P1_H
BAZGEQ,bazgeq_P1_H
BAZJET,bazjet_P1_H
BECKEC,beckec_P1_H
BEDYEQ,bedyeq_P1_H
BEFVIV,befviv_P1_charged_H
BELQAN,belqan_P1_H
BELTUJ,beltuj_P1_H
BEMWAV,bemwav_P1_H
BEPNIV,bepniv_P1_H
BEPNOB,bepnob_P1_H
BEPPOD,beppod_P1_H
BEQKAM,beqkam_P1_H
BETDEL,betdel_P1_H
BETDIP,betdip_P1_H
BETDUB,betdub_P1_H
BETFEN,betfen_P1_H
BETFUD,betfud_P1_H
BETGAK,betgak_P1_H
BETHIT,bethit_P1_charged_H
BETZOR,betzor_P1_H
BEWVOQ,bewvoq_P1_charged_H
BICPUA,bicpua_P1_H
BIDMAE,bidmae_P1_charged_H
BIFNOW,bifnow_P1_charged_H
BIFPAK,bifpak_P1_charged_H
BIFPOY,bifpoy_P1_charged_H
BIGWOG,bigwog_P1_H
BIHBAX,bihbax_P1_charged_H
BIHRUI,bihrui_P1_H
BIHVUM,bihvum_P1_H
BIJDUV,bijduv_P1_H
BINROH,binroh_P1_H
BINRUN,binrun_P1_H
BINSAU,binsau_P1_H
BIPLAQ,biplaq_P1_H
BIPLIX,biplix_P1_H
BIPNAS,bipnas_P1_H
BIPSUQ,bipsuq_P1_H
BIRBIQ,birbiq_P1_charged_H
BIRBOW,birbow_P1_charged_H
BIRBUC,birbuc_P1_charged_H
BIRCAJ,bircaj_P1_charged_H
BIRSEC,birsec_P1_H
BIRSIG,birsig_P1_H
BIRSUS,birsus_P1_H
BIVXEK,bivxek_P1_H
BIXVIQ,bixviq_P1_H
BODCUV04,bodcuv04_P1_H
BODCUV05,bodcuv05_P1_H
BODCUV08,bodcuv08_P1_H
BODCUV09,bodcuv09_P1_H
BOGNES,bognes_P1_H
BOHJAK,bohjak_P1_H
BOKQEZ,bokqez_P1_H
BOPHIZ,bophiz_P1_charged_H
BOVHEB,bovheb_P1_H
BOWDIC,bowdic_P1_H
BOWDOI,bowdoi_P1_H
BOXFAW,boxfaw_P1_charged_H
BOXFEA,boxfea_P1_charged_H
BOXFOK,boxfok_P1_charged_H
BOZFON,bozfon_P1_H
BUFNEW,bufnew_P1_charged_H
BUFNOG,bufnog_P1_charged_H
BUFNUM,bufnum_P1_charged_H
BUFNUM01,bufnum01_P1_charged_H
BUFNUM02,bufnum02_P1_charged_H
BUFPAU01,bufpau01_P1_charged_H
BUJLOK,bujlok_P1_H
BUJMAX,bujmax_P1_charged_H
BUJMEB,bujmeb_P1_charged_H
BUKRUW01,bukruw01_P1_H
BUKSAD,buksad_P1_H
BUNLAZ,bunlaz_P1_H
BUPKAZ,bupkaz_P1_H
BUPVEP,bupvep_P1_H
BUPVIT,bupvit_P1_H
BUSQIQ,busqiq_P1_H
BUWLUC,buwluc_P1_charged_H
BUWMAJ,buwmaj_P1_charged_H
BUXNOZ,buxnoz_P1_H
CAGSAG,cagsag_P1_H
CAJLEH,cajleh_P1_H
CAJQEL,cajqel_P1_H
CAKXET,cakxet_P1_H
CAKXIX,cakxix_P1_H
CAKXOD,cakxod_P1_H
CAKXUJ,cakxuj_P1_H
CAKYAQ,cakyaq_P1_H
CAKYEU,cakyeu_P1_H
CAKYIY,cakyiy_P1_H
CAQHOU,caqhou_P1_H
CAQKAJ01,caqkaj01_P1_H
CARFOT,carfot_P1_charged_H
CARGUA,cargua_P1_H
CATXAA,catxaa_P1_charged_H
CATZIJ01,catzij01_P1_H
CAVFEN01,cavfen01_P1_H
CAVMOD,cavmod_P1_H
CAVSOJ,cavsoj_P1_H
CAVSUP,cavsup_P1_H
CAVTAW,cavtaw_P1_H
CAXTAY,caxtay_P1_H
CAYKEU,caykeu_P1_H
CAZGOZ,cazgoz_P1_charged_H
CAZNOI,caznoi_P1_charged_H
CEBDOD,cebdod_P1_charged_H
CECKIH,ceckih_P1_charged_H
CECKON,ceckon_P1_charged_H
CECVAI,cecvai_P1_H
CECVOW,cecvow_P1_H
CEFLEF,ceflef_P1_H
CEFNEJ,cefnej_P1_H
CEFNIN,cefnin_P1_H
CEFNOT,cefnot_P1_H
CEHKUW,cehkuw_P1_H
CEHLAD,cehlad_P1_H
CEJCAW,cejcaw_P1_charged_H
CELZIE,celzie_P1_H
CELZOK,celzok_P1_H
CELZUQ,celzuq_P1_H
CERMIV,cermiv_P1_H
CETFOX,cetfox_P1_H
CETJAN,cetjan_P1_H
CEZCOC,cezcoc_P1_charged_H
CIBCUO,cibcuo_P1_H
CIBTIT,cibtit_P1_H
CIDCAW,cidcaw_P1_H
CIDNIM,cidnim_P1_charged_H
CIFLAH,ciflah_P1_charged_H
CIJBAB,cijbab_P1_H
CIJLIT,cijlit_P1_charged_H
CILXED,cilxed_P1_H
CILXIH,cilxih_P1_H
CILXON,cilxon_P1_H
CIMTAV,cimtav_P1_charged_H
CIMTEZ,cimtez_P1_charged_H
CIPREZ,ciprez_P1_charged_H
CISKIA,ciskia_P1_H
CISMAT,cismat_P1_H
CISMAT01,cismat01_P1_H
CISMIC,cismic_P1_H
CITLOJ,citloj_P1_H
CITLUP,citlup_P1_H
CITMAW,citmaw_P1_H
CITXUZ,citxuz_P1_H
CIWYUD,ciwyud_P1_H
CIWZEP,ciwzep_P1_H
COBWEV,cobwev_P1_H
COCMAJ,cocmaj_P1_H
CODROD,codrod_P1_H
CODRUJ,codruj_P1_H
CODSUL,codsul_P1_H
COGNAO,cognao_P1_H
COJHIT,cojhit_P1_H
COKQAW,cokqaw_P1_charged_H
COKROL,cokrol_P1_H
COKRUR,cokrur_P1_H
COMDOY,comdoy_P1_H
COPBOB,copbob_P1_charged_H
COQHUN,coqhun_P1_charged_H
COQTEJ,coqtej_P1_H
COQYUF,coqyuf_P1_H
COSYER,cosyer_P1_H
COVJAB,covjab_P1_H
COVPAG,covpag_P1_H
COWMAD,cowmad_P1_H
COWMEH,cowmeh_P1_H
COWMIL,cowmil_P1_H
COWMOR,cowmor_P1_H
COWMUX,cowmux_P1_H
COWQUC,cowquc_P1_H
COWRAJ,cowraj_P1_H
COWROX,cowrox_P1_H
COWSAL,cowsal_P1_charged_H
COWSEP,cowsep_P1_H
COWXOC,cowxoc_P1_H
COXFOL,coxfol_P1_charged_H
COYTUG,coytug_P1_H
COYTUG01,coytug01_P1_H
COYVAO,coyvao_P1_H
COYVAO01,coyvao01_P1_H
COYVES,coyves_P1_H
COYVES01,coyves01_P1_H
COZMUA,cozmua_P1_H
CUBQIB,cubqib_P1_charged_H
CUCFEN,cucfen_P1_H
CUCFOX,cucfox_P1_charged_H
CUCKIV,cuckiv_P1_H
CUDHER,cudher_P1_H
CUFFEP,cuffep_P1_charged_H
CUFFUF,cuffuf_P1_charged_H
CUGQEC,cugqec_P1_H
CUIMDZ03,cuimdz03_P1_H
CUJXOW,cujxow_P1_H
CUJXUC,cujxuc_P1_H
CUKXOW,cukxow_P1_H
CUKXUC,cukxuc_P1_H
CUKYAJ,cukyaj_P1_H
CUMDEU,cumdeu_P1_H
CUMSEL,cumsel_P1_H
CUNFID,cunfid_P1_H
CUNGEY01,cungey01_P1_H
CUPSEO,cupseo_P1_H
CUSDIE,cusdie_P1_charged_H
CUSKOT,cuskot_P1_charged_H
CUSLAG,cuslag_P1_charged_H
CUTBEA,cutbea_P1_H
CUTBOK,cutbok_P1_H
CUTKEI,cutkei_P1_H
CUVHEH,cuvheh_P1_H
CUVHIL,cuvhil_P1_H
CUVHIL01,cuvhil01_P1_H
CUVHIL02,cuvhil02_P1_H
CUWXEZ,cuwxez_P1_H
CUWXID,cuwxid_P1_H
CUWXOJ,cuwxoj_P1_H
CUWYAW,cuwyaw_P1_H
CUWYIE,cuwyie_P1_H
CUWYOK,cuwyok_P1_H
CUWYUQ,cuwyuq_P1_H
CUWZAX,cuwzax_P1_H
CUWZEB,cuwzeb_P1_H
CUWZIF,cuwzif_P1_H
DABGIZ,dabgiz_P1_H
DACDEU,dacdeu_P1_H
DACDIY,dacdiy_P1_charged_H
DACDOE,dacdoe_P1_H
DACZUF,daczuf_P1_H
DADTUY14,dadtuy14_P1_charged_H
DAGDIZ,dagdiz_P1_H
DAJHOM,dajhom_P1_H
DAJWET,dajwet_P1_charged_H
DAKVOC,dakvoc_P1_H
DAKVUI,dakvui_P1_H
DAKXIA,dakxia_P1_H
DAKZUN,dakzun_P1_H
DALSER,dalser_P1_charged_H
DALVIY,dalviy_P1_H
DAMYOI,damyoi_P1_H
DAMYUO,damyuo_P1_H
DANROC,danroc_P1_H
DANZAV,danzav_P1_charged_H
DANZEZ,danzez_P1_charged_H
DANZID,danzid_P1_charged_H
DAPYAW,dapyaw_P1_charged_H
DAQRET01,daqret01_P1_H
DARSEV,darsev_P1_H
DAWWAC,dawwac_P1_H
DAWWEF,dawwef_P1_H
DAXLEX,daxlex_P1_H
DAXNEZ,daxnez_P1_H
DAXNIA04,daxnia04_P1_charged_H
DAZKEX,dazkex_P1_H
DEFPOX,defpox_P1_H
DEGPEL,degpel_P1_charged_H
DEHBIC,dehbic_P1_H
DEHFUR,dehfur_P1_charged_H
DEWQUS,dewqus_P1_charged_H
DEYDOA,deydoa_P1_H
DIBJEF,dibjef_P1_H
DIBPAH,dibpah_P1_H
DIBQEM,dibqem_P1_H
DIBQIQ,dibqiq_P1_H
DIBQOW,dibqow_P1_H
DICVAO,dicvao_P1_H
DICVES,dicves_P1_H
DIGPER,digper_P1_H
DIHVIB02,dihvib02_P1_H
DIMBOT,dimbot_P1_H
DISBAL,disbal_P1_H
DITGUL,ditgul_P1_H
DITJEY01,ditjey01_P1_H
DITJOH,ditjoh_P1_H
DIVRUY,divruy_P1_charged_H
DIVYOZ,divyoz_P1_charged_H
DIXGIC,dixgic_P1_H
DIXKOL,dixkol_P1_H
DIZQOT,dizqot_P1_H
DOGMET,dogmet_P1_charged_H
DOKDEN,dokden_P1_H
DOKHIV,dokhiv_P1_charged_H
DOKHOB,dokhob_P1_H
DOMGET,domget_P1_H
DONKIC,donkic_P1_H
DONKOI,donkoi_P1_H
DONKUO,donkuo_P1_charged_H
DONNEA,donnea_P1_H
DOPHOH,dophoh_P1_H
DOPHUN,dophun_P1_H
DOPJAV,dopjav_P1_H
DORNAB,dornab_P1_H
DOYHOQ,doyhoq_P1_charged_H
DOYLAE,doylae_P1_H
DOYLIM,doylim_P1_H
DOZCEC,dozcec_P1_charged_H
DOZKIO,dozkio_P1_H
DUDXOS,dudxos_P1_H
DUFJOG,dufjog_P1_H
DUFKAS,dufkas_P1_charged_H
DUFZOU,dufzou_P1_H
DUFZUA,dufzua_P1_H
DUGBAJ,dugbaj_P1_H
DUGGOD,duggod_P1_H
DUGMOJ,dugmoj_P1_H
DUJQUW01,dujquw01_P1_charged_H
DUKNEE,duknee_P1_H
DUNJON,dunjon_P1_H
DUPJAB,dupjab_P1_charged_H
DUPLOS,duplos_P1_H
DUQNIP,duqnip_P1_H
DURCAX,durcax_P1_H
DURCOL,durcol_P1_H
DUVNOA,duvnoa_P1_H
DUVQET,duvqet_P1_H
DUVQUJ,duvquj_P1_H
DUXSIA,duxsia_P1_H
DUYBIL,duybil_P1_charged_H
DUYRAR,duyrar_P1_H
DUYREV,duyrev_P1_H
DUYROF,duyrof_P1_H
DUZKAM,duzkam_P1_charged_H
EBAQOR,ebaqor_P1_H
EBEWIT,ebewit_P1_H
EBEXAM,ebexam_P1_H
EBIHEE,ebihee_P1_H
EBIMOT,ebimot_P1_charged_H
EBIZUN,ebizun_P1_H
EBOTOF,ebotof_P1_H
EBUKUL,ebukul_P1_H
EBUQIB,ebuqib_P1_H
EBUQOH,ebuqoh_P1_H
EBUREA,eburea_P1_H
EBUVAA,ebuvaa_P1_H
ECEFIC,ecefic_P1_charged_H
ECEZAO,ecezao_P1_H
ECEZAO01,ecezao01_P1_H
ECINUC,ecinuc_P1_H
ECIRER,ecirer_P1_H
ECODEG,ecodeg_P1_H
ECOKAJ,ecokaj_P1_H
ECORIX,ecorix_P1_H
ECUCIP,ecucip_P1_H
ECUCOV,ecucov_P1_H
ECUDAI,ecudai_P1_H
ECUDEM,ecudem_P1_H
EDADAP,edadap_P1_charged_H
EDAPIK,edapik_P1_H
EDEPAG,edepag_P1_H
EDOVEA,edovea_P1_charged_H
EDOVIE,edovie_P1_charged_H
EFAPUA,efapua_P1_H
EFAQAH,efaqah_P1_H
EFAQEL,efaqel_P1_H
EFEGOM,efegom_P1_H
EFESOZ,efesoz_P1_H
EGAFOJ,egafoj_P1_H
EGAFUP,egafup_P1_H
EGAGAW,egagaw_P1_H
EGAXAO,egaxao_P1_charged_H
EGELUY,egeluy_P1_H
EGONUM,egonum_P1_H
EJIPUL,ejipul_P1_charged_H
EJIQAS,ejiqas_P1_charged_H
EJOQUR,ejoqur_P1_H
EJORAY,ejoray_P1_H
EKAQIR,ekaqir_P1_H
EKEQIV,ekeqiv_P1_H
EKIKOB,ekikob_P1_H
EKOKUN,ekokun_P1_H
EKOLAU,ekolau_P1_H
ELERIY,eleriy_P1_H
ELIJOZ,elijoz_P1_H
ELIJUF,elijuf_P1_H
ELIKAM,elikam_P1_H
ELIKEQ,elikeq_P1_H
ELIKIU,elikiu_P1_H
ELIKOA,elikoa_P1_H
ELIKUG,elikug_P1_H
ELILAN,elilan_P1_H
ELILER,eliler_P1_H
ELILIV,eliliv_P1_H
ELISEA,elisea_P1_charged_H
ELOFIU,elofiu_P1_charged_H
ELOKOI,elokoi_P1_H
ELUTIR,elutir_P1_H
EMEYUQ01,emeyuq01_P1_H
EMIPUO,emipuo_P1_H
EMUBIZ,emubiz_P1_H
ENAFAB,enafab_P1_H
ENESOH,enesoh_P1_charged_H
ENESUN,enesun_P1_charged_H
ENEXIH,enexih_P1_H
ENIHUG01,enihug01_P1_H
ENISOK,enisok_P1_H
ENITAX,enitax_P1_H
EPISOM,episom_P1_H
EPOTAF,epotaf_P1_H
EPOXUF,epoxuf_P1_charged_H
EQERAU,eqerau_P1_H
EQEREY,eqerey_P1_H
EQERIC,eqeric_P1_H
EQOXIT,eqoxit_P1_H
EQUBOI,equboi_P1_H
EQUBUO,equbuo_P1_H
EQUNIP,equnip_P1_charged_H
EQUYOH,equyoh_P1_H
ERAMER,eramer_P1_H
ERAMES,erames_P1_H
EREGOY,eregoy_P1_H
EROBIZ,erobiz_P1_H
EROJUT,erojut_P1_charged_H
ERUFOM,erufom_P1_H
ESAFIQ,esafiq_P1_charged_H
ESEQUO,esequo_P1_H
ESOZUK,esozuk_P1_H
ETETAB,etetab_P1_charged_H
ETETEF,etetef_P1_H
ETIKAW,etikaw_P1_H
ETIKIE,etikie_P1_H
ETOVIV,etoviv_P1_H
EVEGUH,eveguh_P1_charged_H
EVOHOM,evohom_P1_H
EWASIG01,ewasig01_P1_H
EWEWUZ,ewewuz_P1_charged_H
EWUKOZ,ewukoz_P1_H
EXAXAE,exaxae_P1_H
EXAXAE03,exaxae03_P1_H
EXAYOS,exayos_P1_H
EXAZAF,exazaf_P1_H
EXOJAF,exojaf_P1_H
EXOTOB,exotob_P1_H
EXOTUH,exotuh_P1_H
EXOZIB,exozib_P1_H
EYUWAW,eyuwaw_P1_H
EZAWIL,ezawil_P1_charged_H
EZESAF,ezesaf_P1_H
EZUCOS,ezucos_P1_H
FABFOF,fabfof_P1_charged_H
FAFGAU,fafgau_P1_H
FAFMAA,fafmaa_P1_H
FAFMEE,fafmee_P1_H
FAGFUQ,fagfuq_P1_H
FAHFUR,fahfur_P1_charged_H
FAHHUV,fahhuv_P1_H
FAHPOV,fahpov_P1_H
FAHTUE,fahtue_P1_H
FAHVAM,fahvam_P1_H
FAJYAS,fajyas_P1_H
FAKGOP,fakgop_P1_H
FAKMIR,fakmir_P1_H
FAKMOX,fakmox_P1_charged_H
FAKXOI,fakxoi_P1_H
FALQOA,falqoa_P1_H
FALVOF,falvof_P1_charged_H
FALVOF01,falvof01_P1_charged_H
FALVUL,falvul_P1_H
FALVUL01,falvul01_P1_H
FALVUL02,falvul02_P1_charged_H
FAMSUH,famsuh_P1_H
FAMTAO,famtao_P1_H
FANNUG,fannug_P1_H
FAQSOG,faqsog_P1_H
FAQYUR,faqyur_P1_H
FASFOX,fasfox_P1_H
FASFUD,fasfud_P1_H
FASGAK,fasgak_P1_H
FASHAK,fashak_P1_H
FATKAO,fatkao_P1_H
FATKIV,fatkiv_P1_H
FATKIW,fatkiw_P1_H
FATKOC,fatkoc_P1_H
FAVFIU,favfiu_P1_charged_H
FAVKAP,favkap_P1_charged_H
FAXLEY,faxley_P1_H
FAYPAY,faypay_P1_H
FAZFET,fazfet_P1_H
FEBXIV,febxiv_P1_H
FECXAO,fecxao_P1_H
FECXOC,fecxoc_P1_charged_H
FECXUI,fecxui_P1_H
FEDBAV,fedbav_P1_charged_H
FEDQUE,fedque_P1_H
FEFZEZ,fefzez_P1_H
FEGNIQ,fegniq_P1_charged_H
FENVOL,fenvol_P1_charged_H
FEPBIO,fepbio_P1_H
FEVPED,fevped_P1_H
FEVPIH,fevpih_P1_H
FEWGUL,fewgul_P1_H
FEWQIJ,fewqij_P1_H
FEWQOP,fewqop_P1_H
FIDLUC,fidluc_P1_charged_H
FIDRIV,fidriv_P1_H
FIFGAE,fifgae_P1_charged_H
FIFGEI,fifgei_P1_charged_H
FIFGIM,fifgim_P1_H
FIFNUE,fifnue_P1_H
FIFPOA,fifpoa_P1_H
FIHFAF,fihfaf_P1_H
FIJNAQ,fijnaq_P1_H
FIJNEU,fijneu_P1_H
FIJNIY,fijniy_P1_H
FIJREW,fijrew_P1_H
FILBAG,filbag_P1_charged_H
FILYEG,filyeg_P1_H
FIQCEN,fiqcen_P1_H
FIRMUQ,firmuq_P1_H
FIRNAX,firnax_P1_H
FIRNAX01,firnax01_P1_H
FIRNIF,firnif_P1_H
FIRNOL,firnol_P1_H
FIRNUR,firnur_P1_H
FIRPAZ,firpaz_P1_H
FISCUI,fiscui_P1_H
FISGOF,fisgof_P1_H
FISPIH,fispih_P1_H
FITJAU,fitjau_P1_charged_H
FITJEY,fitjey_P1_charged_H
FIXLAC,fixlac_P1_charged_H
FIXVUE,fixvue_P1_H
FIYDOH,fiydoh_P1_H
FIYSAK,fiysak_P1_H
FIZPOV,fizpov_P1_H
FIZPUB,fizpub_P1_H
FIZQAI,fizqai_P1_H
FOBNAN,fobnan_P1_H
FOFDUC,fofduc_P1_H
FOFTIF,foftif_P1_H
FOFTUR,foftur_P1_H
FOMMUS,fommus_P1_H
FOMNAZ,fomnaz_P1_H
FONPUW,fonpuw_P1_H
FOPBET,fopbet_P1_H
FOPPEI,foppei_P1_H
FORHAY,forhay_P1_H
FORTIR,fortir_P1_H
FORWAL,forwal_P1_charged_H
FOTNIN,fotnin_P1_H
FOVPOX,fovpox_P1_H
FOVPUD,fovpud_P1_H
FOXNIQ,foxniq_P1_H
FUDHAP,fudhap_P1_H
FUDHET,fudhet_P1_H
FUHVUB,fuhvub_P1_H
FULQUZ,fulquz_P1_H
FUMMUY,fummuy_P1_H
FUNGAZ,fungaz_P1_H
FUSQUH,fusquh_P1_H
FUTZOK,futzok_P1_H
FUVWAX,fuvwax_P1_H
FUWFIO,fuwfio_P1_H
FUWXOL,fuwxol_P1_H
FUWYAY,fuwyay_P1_H
FUXCUZ,fuxcuz_P1_H
FUXXIH,fuxxih_P1_H
FUYCEJ,fuycej_P1_charged_H
FUYCIN,fuycin_P1_charged_H
FUZRID,fuzrid_P1_charged_H
FUZROJ,fuzroj_P1_H
GAGSUF,gagsuf_P1_H
GAGTOA,gagtoa_P1_H
GAGXAP,gagxap_P1_H
GAJTUI,gajtui_P1_H
GAJVAQ,gajvaq_P1_H
GAJVEU,gajveu_P1_charged_H
GALCAZ,galcaz_P1_H
GALHOS,galhos_P1_H
GALJAG,galjag_P1_H
GALLOW,gallow_P1_H
GAMTAQ,gamtaq_P1_H
GAMTEU,gamteu_P1_H
GAMTIY,gamtiy_P1_H
GAMXAV,gamxav_P1_H
GARSUQ,garsuq_P1_H
GARTAX,gartax_P1_H
GARTEB,garteb_P1_H
GARTIF,gartif_P1_H
GATHIW,gathiw_P1_H
GATQIE,gatqie_P1_H
GAWJEV,gawjev_P1_H
GAWKEW,gawkew_P1_H
GAWMOI,gawmoi_P1_H
GAWMOJ,gawmoj_P1_H
GAXCER,gaxcer_P1_H
GAXKOH,gaxkoh_P1_H
GAXWIN,gaxwin_P1_H
GAXWUZ,gaxwuz_P1_H
GAXXAG,gaxxag_P1_H
GAYXEM,gayxem_P1_H
GAYXIQ,gayxiq_P1_H
GAZLAW,gazlaw_P1_H
GECRAI,gecrai_P1_charged_H
GEDDEA,geddea_P1_H
GEDQIR,gedqir_P1_H
GEDREO,gedreo_P1_H
GEDRIS,gedris_P1_H
GEDROY,gedroy_P1_H
GEDRUE,gedrue_P1_H
GEDSEP,gedsep_P1_H
GEDSIT,gedsit_P1_H
GEDSOZ,gedsoz_P1_H
GEDSUF,gedsuf_P1_H
GEFZAV,gefzav_P1_H
GEGBEB,gegbeb_P1_charged_H
GEGBOL,gegbol_P1_charged_H
GEGDED,gegded_P1_H
GEGSIW,gegsiw_P1_H
GEJJEL01,gejjel01_P1_H
GELPEV,gelpev_P1_H
GELVEZ,gelvez_P1_H
GELVEZ01,gelvez01_P1_H
GELVEZ02,gelvez02_P1_H
GELVID,gelvid_P1_H
GELVID01,gelvid01_P1_H
GERBEN,gerben_P1_H
GERPUP,gerpup_P1_H
GERWEH,gerweh_P1_H
GERWIL,gerwil_P1_charged_H
GERWOR,gerwor_P1_charged_H
GERXEJ,gerxej_P1_H
GEVVUB,gevvub_P1_H
GEWCOC,gewcoc_P1_H
GEWQAA,gewqaa_P1_H
GEYLEE,geylee_P1_H
GICXAU,gicxau_P1_H
GICXEY,gicxey_P1_H
GICXIC,gicxic_P1_H
GICXOI,gicxoi_P1_H
GIDRET,gidret_P1_H
GIFFAE,giffae_P1_H
GIFFEI,giffei_P1_H
GIFKAH,gifkah_P1_H
GIHVUR,gihvur_P1_H
GILYUY,gilyuy_P1_H
GINHOD,ginhod_P1_charged_H
GINLIA,ginlia_P1_H
GINTEF,gintef_P1_H
GINTIJ,gintij_P1_H
GINTOP,gintop_P1_H
GINWUY,ginwuy_P1_H
GINYAG,ginyag_P1_H
GINYIO,ginyio_P1_H
GINYOU,ginyou_P1_H
GINYUA,ginyua_P1_H
GIPFAP,gipfap_P1_H
GIRXUC,girxuc_P1_H
GIRYAJ,giryaj_P1_H
GIRYAK,giryak_P1_H
GIRZAK,girzak_P1_H
GITPIK,gitpik_P1_H
GIVNOQ,givnoq_P1_charged_H
GIWSOX,giwsox_P1_H
GIXVOB,gixvob_P1_H
GOCLUI,goclui_P1_H
GODDIP,goddip_P1_charged_H
GODMUK,godmuk_P1_charged_H
GODPEX,godpex_P1_H
GOMQUX,gomqux_P1_H
GOMRAE,gomrae_P1_H
GOSDEZ,gosdez_P1_H
GOSDID,gosdid_P1_H
GOVHIL,govhil_P1_H
GOVJIN,govjin_P1_H
GOVKOU,govkou_P1_charged_H
GOZROE,gozroe_P1_H
GUBKUL,gubkul_P1_H
GUFHUN,gufhun_P1_charged_H
GUFYUE,gufyue_P1_charged_H
GUGJEZ,gugjez_P1_H
GUGRAE,gugrae_P1_H
GUHMIH,guhmih_P1_charged_H
GUJREK,gujrek_P1_charged_H
GUJREK01,gujrek01_P1_charged_H
GUKBUL,gukbul_P1_charged_H
GUKNIK,guknik_P1_H
GUKNOS,guknos_P1_H
GUKQUZ,gukquz_P1_H
GUKVAK,gukvak_P1_H
GUKVEO,gukveo_P1_H
GUKVIS,gukvis_P1_H
GULGEZ,gulgez_P1_H
GULVUF,gulvuf_P1_H
GULWOA,gulwoa_P1_H
GURTIX,gurtix_P1_H
GUSNEN,gusnen_P1_H
GUSNOY,gusnoy_P1_H
GUTCEF,gutcef_P1_charged_H
GUTCIJ,gutcij_P1_charged_H
GUXJUF,guxjuf_P1_H
GUXQAR,guxqar_P1_H
GUXRID,guxrid_P1_H
HABQUY,habquy_P1_H
HACTEL,hactel_P1_H
HADXIW,hadxiw_P1_H
HAFQOW,hafqow_P1_H
HAFQUC,hafquc_P1_H
HAJJAH,hajjah_P1_H
HAJJEL,hajjel_P1_H
HAKVUN,hakvun_P1_charged_H
HAKWAU,hakwau_P1_H
HALNOB,halnob_P1_charged_H
HALNUH,halnuh_P1_charged_H
HAMLIT,hamlit_P1_charged_H
HAMREU,hamreu_P1_H
HAMRIY,hamriy_P1_H
HAMXIG,hamxig_P1_H
HANKUE,hankue_P1_charged_H
HANWAW,hanwaw_P1_H
HANZEF,hanzef_P1_H
HAPBOT,hapbot_P1_charged_H
HAPPAS,happas_P1_H
HAPVAX,hapvax_P1_H
HAPVEB,hapveb_P1_H
HAQJIV,haqjiv_P1_H
HAQKES,haqkes_P1_charged_H
HASSUR,hassur_P1_H
HASTAY,hastay_P1_H
HAVPUT,havput_P1_charged_H
HAVZIP,havzip_P1_charged_H
HAWREE,hawree_P1_H
HAZGOF,hazgof_P1_H
HAZGOF01,hazgof01_P1_H
HAZGOF02,hazgof02_P1_H
HAZGOF03,hazgof03_P1_H
HAZGOF04,hazgof04_P1_H
HAZGOF05,hazgof05_P1_H
HAZGOF06,hazgof06_P1_H
HAZGOF07,hazgof07_P1_H
HAZGOF08,hazgof08_P1_H
HAZGOF17,hazgof17_P1_H
HAZSIL,hazsil_P1_H
HEBCEA,hebcea_P1_H
HEBZAR,hebzar_P1_H
HEBZEV,hebzev_P1_H
HECXAS,hecxas_P1_H
HEDBID,hedbid_P1_H
HEDBOJ,hedboj_P1_H
HEDBUP,hedbup_P1_H
HEDCAW,hedcaw_P1_H
HEFDED,hefded_P1_H
HEFDIH,hefdih_P1_H
HEFDUT,hefdut_P1_charged_H
HEHKUD,hehkud_P1_charged_H
HEHLAK,hehlak_P1_charged_H
HEHTUM,hehtum_P1_H
HEHTUM01,hehtum01_P1_H
HEHVAU,hehvau_P1_H
HEHVOI,hehvoi_P1_H
HEHZAY,hehzay_P1_charged_H
HEJNIW,hejniw_P1_H
HEMBOT,hembot_P1_H
HEMBUZ,hembuz_P1_H
HEMTEZ,hemtez_P1_charged_H
HENJUI,henjui_P1_H
HENYOR,henyor_P1_H
HENYUX,henyux_P1_H
HEPCIR,hepcir_P1_H
HEPQUR,hepqur_P1_H
HERHAQ,herhaq_P1_H
HERHEU,herheu_P1_H
HERHOE,herhoe_P1_H
HERHUK02,herhuk02_P1_H
HERJAS,herjas_P1_H
HERJOG,herjog_P1_H
HESCUG,hescug_P1_H
HESDAN,hesdan_P1_H
HETCOB,hetcob_P1_charged_H
HEXVEM,hexvem_P1_H
HEZSAG,hezsag_P1_H
HICCUU,hiccuu_P1_H
HICKAG,hickag_P1_H
HICNIT,hicnit_P1_H
HICNOZ,hicnoz_P1_H
HICVUM,hicvum_P1_H
HIDBIH,hidbih_P1_H
HIFHIP,hifhip_P1_H
HIFTOG03,hiftog03_P1_H
HIFZAY,hifzay_P1_charged_H
HIHFUB,hihfub_P1_charged_H
HIPWOV,hipwov_P1_H
HIQDUJ,hiqduj_P1_H
HIQDUJ01,hiqduj01_P1_H
HIQDUJ02,hiqduj02_P1_H
HIQDUJ03,hiqduj03_P1_H
HIQDUJ04,hiqduj04_P1_H
HIQDUJ05,hiqduj05_P1_H
HIQDUJ06,hiqduj06_P1_H
HIQDUJ07,hiqduj07_P1_H
HIQDUJ08,hiqduj08_P1_H
HIQDUJ09,hiqduj09_P1_H
HISJEA,hisjea_P1_H
HISJIE,hisjie_P1_H
HIWXER,hiwxer_P1_H
HIXDOH01,hixdoh01_P1_H
HIXXAQ,hixxaq_P1_H
HIXXAQ01,hixxaq01_P1_H
HIYGIH,hiygih_P1_H
HIYRAJ,hiyraj_P1_H
HOCMOE,hocmoe_P1_charged_H
HOGJUK,hogjuk_P1_charged_H
HOGLEV01,hoglev01_P1_H
HOGTOM,hogtom_P1_H
HOJJAU,hojjau_P1_H
HOMZEP,homzep_P1_H
HOQBOF,hoqbof_P1_H
HOWPOZ,howpoz_P1_H
HOWPUF,howpuf_P1_H
HOWQAM,howqam_P1_H
HOWQOA,howqoa_P1_H
HOWRUI,howrui_P1_H
HOWSAP,howsap_P1_H
HOXKIP,hoxkip_P1_H
HOXWOJ,hoxwoj_P1_H
HOZBUV,hozbuv_P1_H
HOZFIN,hozfin_P1_charged_H
HOZQAR,hozqar_P1_H
HUCFAO,hucfao_P1_H
HUDMEA,hudmea_P1_H
HUHHOI,huhhoi_P1_H
HUJGEA,hujgea_P1_H
HUJQAH,hujqah_P1_H
HULCOI,hulcoi_P1_H
HULRIR,hulrir_P1_H
HUPTER,hupter_P1_H
HUQHUY,huqhuy_P1_H
HURKEN,hurken_P1_H
HURQUG,hurqug_P1_H
HUVHIR,huvhir_P1_H
HUVHOX,huvhox_P1_charged_H
HUWHOY,huwhoy_P1_H
HUWLUI,huwlui_P1_H
HUWRAV,huwrav_P1_charged_H
HUWRID,huwrid_P1_charged_H
HUWSIE,huwsie_P1_charged_H
HUYJOA,huyjoa_P1_H
HUYKER,huyker_P1_H
HUZSUR,huzsur_P1_H
HUZYAE,huzyae_P1_H
IBACAS,ibacas_P1_H
IBARUA,ibarua_P1_H
IBASAH,ibasah_P1_H
IBASEL,ibasel_P1_H
IBASOV,ibasov_P1_H
IBASOX,ibasox_P1_H
IBASUB,ibasub_P1_H
IBATAI,ibatai_P1_H
IBATEM,ibatem_P1_H
IBITUK,ibituk_P1_charged_H
IBIYOI,ibiyoi_P1_charged_H
IBIYUO,ibiyuo_P1_H
IBOWIH,ibowih_P1_charged_H
ICEPEM,icepem_P1_H
ICITEU,iciteu_P1_charged_H
ICIVAS,icivas_P1_H
ICIZOL,icizol_P1_H
ICOSEB,icoseb_P1_H
ICOYIK,icoyik_P1_H
ICUDIX,icudix_P1_charged_H
IDAGEA,idagea_P1_H
IDAGUR,idagur_P1_H
IDORAW,idoraw_P1_H
IDUQUT,iduqut_P1_H
IDUYOX,iduyox_P1_charged_H
IFANOV,ifanov_P1_H
IFANUB,ifanub_P1_H
IFAPAJ,ifapaj_P1_H
IFASOZ,ifasoz_P1_H
IFIPIZ,ifipiz_P1_H
IFOSIG,ifosig_P1_H
IGAHAB,igahab_P1_H
IGAHED,igahed_P1_H
IGAHED02,igahed02_P1_H
IGIFOW,igifow_P1_H
IGITOJ,igitoj_P1_H
IGIZUW,igizuw_P1_charged_H
IGOCUD,igocud_P1_H
IGOGOD,igogod_P1_H
IGUFOH,igufoh_P1_charged_H
IHAZOH,ihazoh_P1_charged_H
IHIMAP01,ihimap01_P1_H
IJANAJ,ijanaj_P1_H
IJEJEP,ijejep_P1_charged_H
IJEVEA,ijevea_P1_H
IJEVIE,ijevie_P1_charged_H
IJEXAX,ijexax_P1_H
IJEXEB,ijexeb_P1_H
IJEXUR,ijexur_P1_charged_H
IJEXUS,ijexus_P1_charged_H
IJEYIG,ijeyig_P1_H
IJICAI,ijicai_P1_H
IJICIQ,ijiciq_P1_charged_H
IKAYAU,ikayau_P1_H
IKETIB,iketib_P1_charged_H
IKETOH,iketoh_P1_charged_H
IKETUN,iketun_P1_H
IKEZED,ikezed_P1_charged_H
IKILIA,ikilia_P1_H
IKOQII,ikoqii_P1_charged_H
IKOTUZ,ikotuz_P1_H
IKOVAH,ikovah_P1_H
IKOVEL,ikovel_P1_H
ILIFOY,ilifoy_P1_H
ILIFUE,ilifue_P1_H
ILIGAL,iligal_P1_H
ILIGEP,iligep_P1_H
ILOJOJ,ilojoj_P1_H
ILUGOM,ilugom_P1_H
ILUHON,iluhon_P1_H
ILUJAB,ilujab_P1_H
ILUJIJ,ilujij_P1_H
ILUREP,ilurep_P1_H
ILUROZ,iluroz_P1_H
IMIDZB,imidzb_P1_H
IMIDZB11,imidzb11_P1_H
IMUVAO,imuvao_P1_H
INAMUG,inamug_P1_H
INEBOT,inebot_P1_charged_H
INEBOT01,inebot01_P1_charged_H
INEMUM,inemum_P1_H
INIGIX,inigix_P1_H
INIREE,iniree_P1_H
INIRII,inirii_P1_H
INISAB,inisab_P1_H
INOCUM,inocum_P1_charged_H
INODEX,inodex_P1_H
IPAQIC,ipaqic_P1_H
IPAQOI,ipaqoi_P1_H
IPAQUO,ipaquo_P1_H
IPEXOT,ipexot_P1_H
IPEXUZ,ipexuz_P1_H
IPIJUM,ipijum_P1_H
IPOCEY,ipocey_P1_charged_H
IPUPIU,ipupiu_P1_H
IQOKIK,iqokik_P1_H
IRATAZ,irataz_P1_H
IREGOD,iregod_P1_charged_H
IRELAU,irelau_P1_H
IRISAD,irisad_P1_charged_H
ISAYOQ,isayoq_P1_charged_H
ISIKIF,isikif_P1_H
ITIZUH,itizuh_P1_H
IVEQEG01,iveqeg01_P1_H
IVESOS,ivesos_P1_charged_H
IVILEG,ivileg_P1_charged_H
IVOCIH,ivocih_P1_H
IWAVIM,iwavim_P1_H
IWEPEF,iwepef_P1_H
IWEPIJ,iwepij_P1_H
IWEVAJ,iwevaj_P1_H
IWEXAM,iwexam_P1_H
IWOSAP,iwosap_P1_H
IXEJIG,ixejig_P1_H
IXEJOM,ixejom_P1_H
IXEJUS,ixejus_P1_H
IYACOD,iyacod_P1_H
IYAHAR,iyahar_P1_charged_H
IYAHAT,iyahat_P1_H
IYAHEX,iyahex_P1_H
IYAJUP,iyajup_P1_charged_H
IYAKIE,iyakie_P1_H
IYALUR,iyalur_P1_H
IYEPUZ,iyepuz_P1_H
IYESUC,iyesuc_P1_H
IYIHUU,iyihuu_P1_H
IYUCIQ,iyuciq_P1_H
IYUHIU,iyuhiu_P1_H
IYUHOA,iyuhoa_P1_charged_H
IYUJAO,iyujao_P1_H
IZENOS,izenos_P1_charged_H
IZENUY,izenuy_P1_charged_H
IZEQUB,izequb_P1_H
IZETUF,izetuf_P1_charged_H
IZIBUQ,izibuq_P1_H
IZOWAW,izowaw_P1_charged_H
IZUJEV,izujev_P1_H
IZUKIZ,izukiz_P1_H
JADMAF,jadmaf_P1_H
JADTUH,jadtuh_P1_charged_H
JAHROD,jahrod_P1_H
JAHXUM,jahxum_P1_H
JALLOA,jalloa_P1_H
JAMLIT,jamlit_P1_charged_H
JANQOI,janqoi_P1_H
JARMEU,jarmeu_P1_charged_H
JARMEU10,jarmeu10_P1_charged_H
JASNEX01,jasnex01_P1_H
JATPAZ,jatpaz_P1_H
JAVNIE,javnie_P1_H
JAYXAL,jayxal_P1_charged_H
JEBCOJ,jebcoj_P1_H
JEBWEV,jebwev_P1_charged_H
JEDJUY,jedjuy_P1_H
JEFSUJ,jefsuj_P1_H
JEFWUQ,jefwuq_P1_H
JEGSAT,jegsat_P1_H
JEGSIB,jegsib_P1_H
JEGSUN,jegsun_P1_H
JEGTEY,jegtey_P1_H
JEGTIC,jegtic_P1_H
JEJWIF,jejwif_P1_H
JEJWOL,jejwol_P1_H
JENKET,jenket_P1_H
JENQAY,jenqay_P1_H
JENQEC,jenqec_P1_H
JENQIG,jenqig_P1_H
JENQOM,jenqom_P1_H
JEQDER,jeqder_P1_H
JETLUS,jetlus_P1_H
JEWXER,jewxer_P1_H
JICJAJ,jicjaj_P1_H
JICJEN,jicjen_P1_H
JIDBAC,jidbac_P1_charged_H
JIDBEG,jidbeg_P1_charged_H
JIDPAQ,jidpaq_P1_charged_H
JIDRUM,jidrum_P1_charged_H
JIFGEN,jifgen_P1_H
JIHWAB,jihwab_P1_H
JIJDIS,jijdis_P1_H
JIJDOY,jijdoy_P1_H
JIJTOO,jijtoo_P1_H
JINKUP,jinkup_P1_charged_H
JISQEK,jisqek_P1_charged_H
JITPOS,jitpos_P1_charged_H
JIVSAJ,jivsaj_P1_charged_H
JIVSEN,jivsen_P1_charged_H
JIWKUW,jiwkuw_P1_H
JIXKAF,jixkaf_P1_H
JIYBEB,jiybeb_P1_H
JIYKUA,jiykua_P1_H
JIYSUI,jiysui_P1_H
JIZWAS,jizwas_P1_H
JIZWAS01,jizwas01_P1_H
JIZWAS02,jizwas02_P1_H
JIZWEW,jizwew_P1_H
JIZWIA,jizwia_P1_H
JIZWOG,jizwog_P1_H
JOFGOC,jofgoc_P1_H
JOGHUL,joghul_P1_H
JOGJEX,jogjex_P1_charged_H
JOGRUT,jogrut_P1_charged_H
JOGSAA,jogsaa_P1_charged_H
JOLVOY,jolvoy_P1_H
JOLYEQ,jolyeq_P1_H
JOMZIX,jomzix_P1_H
JORQAK,jorqak_P1_H
JOTDEE,jotdee_P1_charged_H
JOTDII,jotdii_P1_charged_H
JOYHOW,joyhow_P1_H
JUCYOY,jucyoy_P1_H
JUCZAL,juczal_P1_H
JUFCAR,jufcar_P1_H
JUFTEM,juftem_P1_H
JUGXIV,jugxiv_P1_H
JULHEG,julheg_P1_H
JURKIS,jurkis_P1_H
JURZAA,jurzaa_P1_H
JUTCIM,jutcim_P1_H
JUTWED,jutwed_P1_charged_H
JUTZEG,jutzeg_P1_charged_H
JUXQAW,juxqaw_P1_charged_H
JUZXAD01,juzxad01_P1_H
KABJOQ,kabjoq_P1_H
KABPEM,kabpem_P1_H
KACZEV,kaczev_P1_H
KACZIZ,kacziz_P1_H
KAGCAY,kagcay_P1_H
KAHPUE,kahpue_P1_H
KAKCEH,kakceh_P1_H
KAKCEH01,kakceh01_P1_charged_H
KAKCEH02,kakceh02_P1_charged_H
KALHAK,kalhak_P1_H
KALHOY,kalhoy_P1_H
KALHUE,kalhue_P1_H
KALJAM,kaljam_P1_H
KAMZUV,kamzuv_P1_H
KASHUK,kashuk_P1_H
KASRAZ,kasraz_P1_H
KASRED,kasred_P1_H
KAVKIC,kavkic_P1_H
KAWHEY,kawhey_P1_H
KAWQOP,kawqop_P1_H
KAWQUX,kawqux_P1_H
KAWXEO,kawxeo_P1_charged_H
KAWXIS,kawxis_P1_charged_H
KAZXEQ,kazxeq_P1_charged_H
KECROD,kecrod_P1_charged_H
KECRUJ,kecruj_P1_charged_H
KEDQAN,kedqan_P1_H
KEFBEE,kefbee_P1_H
KEFBII,kefbii_P1_H
KEFBOO,kefboo_P1_H
KEGBIK,kegbik_P1_charged_H
KEGBUX,kegbux_P1_H
KEHDUA,kehdua_P1_charged_H
KEJBOQ,kejboq_P1_H
KEJHIQ,kejhiq_P1_H
KEPPIF,keppif_P1_charged_H
KEQDER,keqder_P1_H
KERFOF,kerfof_P1_H
KESFUM,kesfum_P1_H
KEVKAA,kevkaa_P1_H
KEVWUF,kevwuf_P1_charged_H
KEWNUX,kewnux_P1_H
KEXFAU,kexfau_P1_H
KEYMUY,keymuy_P1_charged_H
KICXEB,kicxeb_P1_H
KIDVIE,kidvie_P1_H
KIDXIH,kidxih_P1_H
KIHXUX,kihxux_P1_H
KIJRUS,kijrus_P1_H
KIKFIV,kikfiv_P1_H
KINRIK,kinrik_P1_charged_H
KINROQ,kinroq_P1_charged_H
KIPJIE,kipjie_P1_H
KIPJOK,kipjok_P1_H
KIPKAX,kipkax_P1_H
KITVAM,kitvam_P1_H
KIVDUQ,kivduq_P1_H
KIVFAY,kivfay_P1_H
KIVFEC,kivfec_P1_H
KIVJIL,kivjil_P1_H
KIYBIF,kiybif_P1_H
KIZCII,kizcii_P1_charged_H
KOBFEN,kobfen_P1_H
KOBPIB,kobpib_P1_H
KOBPUN,kobpun_P1_H
KOBXIL,kobxil_P1_charged_H
KOCCOW,koccow_P1_H
KOCCUC,koccuc_P1_H
KOCWEF,kocwef_P1_H
KODPUP02,kodpup02_P1_H
KOFPEB,kofpeb_P1_H
KOFPEB01,kofpeb01_P1_H
KOFPEB02,kofpeb02_P1_H
KOFPEB03,kofpeb03_P1_H
KOFPEB04,kofpeb04_P1_H
KOFPEB05,kofpeb05_P1_H
KOFVOS,kofvos_P1_H
KOGTAE,kogtae_P1_H
KOGTEI,kogtei_P1_H
KOHKIC,kohkic_P1_H
KOHKOI,kohkoi_P1_H
KOMLUW,komluw_P1_H
KOQLEK,koqlek_P1_H
KOTLOX,kotlox_P1_H
KOTSIX,kotsix_P1_H
KOVHAH,kovhah_P1_charged_H
KOXSIC,koxsic_P1_charged_H
KOZDEK,kozdek_P1_charged_H
KOZQEX,kozqex_P1_H
KUDLUR,kudlur_P1_H
KUDMAY,kudmay_P1_H
KUFBEU,kufbeu_P1_H
KUFVIS,kufvis_P1_H
KUGZIW,kugziw_P1_charged_H
KUJNOT,kujnot_P1_H
KUJNUZ,kujnuz_P1_H
KUKHAB,kukhab_P1_H
KUKMUA,kukmua_P1_H
KUKWAR,kukwar_P1_H
KUKZOH,kukzoh_P1_H
KULLAG,kullag_P1_H
KULLEK,kullek_P1_H
KULYUO,kulyuo_P1_H
KULZIC,kulzic_P1_H
KUNSET,kunset_P1_charged_H
KUNSUJ,kunsuj_P1_H
KUNTAQ,kuntaq_P1_H
KUNTAQ01,kuntaq01_P1_H
KUNTAQ02,kuntaq02_P1_H
KUNTAQ03,kuntaq03_P1_H
KUSRUN,kusrun_P1_H
KUTCUZ,kutcuz_P1_H
KUTDAG,kutdag_P1_charged_H
KUTNEU,kutneu_P1_H
KUTRIC,kutric_P1_H
KUTRUO,kutruo_P1_charged_H
KUVMIZ,kuvmiz_P1_charged_H
KUVYAD,kuvyad_P1_charged_H
KUWPAV,kuwpav_P1_H
KUYGOC,kuygoc_P1_H
KUYHIY,kuyhiy_P1_H
KUYJAS,kuyjas_P1_charged_H
KUZQAA,kuzqaa_P1_H
KUZREF,kuzref_P1_H
LABNAG,labnag_P1_H
LABRUE,labrue_P1_charged_H
LACGIH,lacgih_P1_H
LACYIA,lacyia_P1_charged_H
LADHIJ,ladhij_P1_H
LADQEP,ladqep_P1_H
LADQIT,ladqit_P1_H
LADQOZ,ladqoz_P1_H
LADQUF,ladquf_P1_H
LAGTIY,lagtiy_P1_charged_H
LAGWEX,lagwex_P1_H
LAGWUN,lagwun_P1_H
LAHYOL,lahyol_P1_H
LAJKUE,lajkue_P1_charged_H
LAJLAL,lajlal_P1_charged_H
LAJLEP,lajlep_P1_charged_H
LAJLIT,lajlit_P1_charged_H
LAJNES,lajnes_P1_H
LAJNIW,lajniw_P1_H
LALFEL,lalfel_P1_charged_H
LALPIZ,lalpiz_P1_H
LALPOF,lalpof_P1_H
LAPBUD,lapbud_P1_H
LAQXOU,laqxou_P1_H
LARKOI,larkoi_P1_H
LARPOL,larpol_P1_charged_H
LARVIL,larvil_P1_H
LARVIM,larvim_P1_H
LARXUA,larxua_P1_H
LASDEQ,lasdeq_P1_H
LASGIZ,lasgiz_P1_charged_H
LASGOF,lasgof_P1_charged_H
LASYOU,lasyou_P1_H
LAVTAF,lavtaf_P1_H
LAVTEJ,lavtej_P1_H
LAVTIN,lavtin_P1_H
LAVTOT,lavtot_P1_H
LAVTUZ,lavtuz_P1_H
LAVZOA,lavzoa_P1_H
LAVZUG,lavzug_P1_charged_H
LAWHUP,lawhup_P1_H
LAYQUA,layqua_P1_H
LAZHUR,lazhur_P1_H
LAZJAZ,lazjaz_P1_H
LAZJED,lazjed_P1_H
LAZQIO,lazqio_P1_H
LAZQOU,lazqou_P1_H
LAZQUA,lazqua_P1_H
LAZXOB,lazxob_P1_H
LEBBUS,lebbus_P1_H
LECFAC,lecfac_P1_H
LECFEG,lecfeg_P1_H
LECGAD,lecgad_P1_H
LECGIL,lecgil_P1_charged_H
LEDGIO,ledgio_P1_H
LEGGIO,leggio_P1_H
LEGGOU,leggou_P1_H
LEJDOX,lejdox_P1_H
LEJDUD,lejdud_P1_H
LEJFAL,lejfal_P1_H
LEJFIT,lejfit_P1_H
LEJRIC,lejric_P1_H
LEKMEW,lekmew_P1_H
LEKNOH,leknoh_P1_H
LELDUD,leldud_P1_H
LEPKEZ,lepkez_P1_charged_H
LEPKID,lepkid_P1_charged_H
LEPKOJ,lepkoj_P1_charged_H
LEPKUO,lepkuo_P1_H
LEPLAV,leplav_P1_H
LEPSIL,lepsil_P1_H
LETFIA,letfia_P1_charged_H
LEVFAW,levfaw_P1_H
LEYFUS,leyfus_P1_charged_H
LEZWUK,lezwuk_P1_charged_H
LEZXAR,lezxar_P1_charged_H
LIBQIY,libqiy_P1_charged_H
LICGOW,licgow_P1_H
LIGQEA,ligqea_P1_H
LIJGUJ,lijguj_P1_H
LIJQON,lijqon_P1_H
LIJXEI,lijxei_P1_H
LIKBAJ,likbaj_P1_H
LIKBAL,likbal_P1_H
LIKWUA,likwua_P1_H
LIKXUB,likxub_P1_H
LIKYAI,likyai_P1_charged_H
LIKYEM,likyem_P1_H
LIPQIL,lipqil_P1_charged_H
LIQDAS,liqdas_P1_H
LIRVAK,lirvak_P1_charged_H
LITKIL,litkil_P1_charged_H
LIXCIG,lixcig_P1_H
LIXCOM,lixcom_P1_H
LIXCUS,lixcus_P1_H
LIXDAZ,lixdaz_P1_H
LIXMAI,lixmai_P1_H
LIXMEM,lixmem_P1_H
LIXMIQ,lixmiq_P1_H
LIXPOA,lixpoa_P1_H
LIYSUK,liysuk_P1_H
LIZFUY,lizfuy_P1_H
LIZQET,lizqet_P1_H
LOBBIQ,lobbiq_P1_H
LOBBOW,lobbow_P1_H
LOBBUC,lobbuc_P1_H
LOBQEB,lobqeb_P1_H
LOCZIO,loczio_P1_H
LODPOK,lodpok_P1_H
LODPUQ,lodpuq_P1_H
LODTEF,lodtef_P1_H
LOGLAX,loglax_P1_charged_H
LOJNAA,lojnaa_P1_H
LOPJOS,lopjos_P1_H
LORROB,lorrob_P1_H
LORRUH,lorruh_P1_H
LOVZAA,lovzaa_P1_charged_H
LOXBEH,loxbeh_P1_H
LUBNAZ,lubnaz_P1_H
LUCDOE,lucdoe_P1_H
LUDLED,ludled_P1_H
LUDLIH,ludlih_P1_H
LUFNAC01,lufnac01_P1_H
LUFNAC02,lufnac02_P1_H
LUFNAC03,lufnac03_P1_H
LUFNAC04,lufnac04_P1_H
LUFNAC05,lufnac05_P1_H
LUFNEG,lufneg_P1_H
LUGLOO,lugloo_P1_H
LUMYEZ,lumyez_P1_charged_H
LUMYID,lumyid_P1_charged_H
LUMZEA,lumzea_P1_H
LURRIA,lurria_P1_H
LUSYEF,lusyef_P1_H
LUTCEJ,lutcej_P1_H
LUVNUO,luvnuo_P1_H
LUXDUE,luxdue_P1_charged_H
LUXFEQ,luxfeq_P1_charged_H
MAFJIO,mafjio_P1_H
MAFZIE,mafzie_P1_H
MAGBON,magbon_P1_charged_H
MAGXOK,magxok_P1_H
MAHDOR,mahdor_P1_H
MAHNUI,mahnui_P1_H
MAJCEJ,majcej_P1_charged_H
MAJCIN,majcin_P1_charged_H
MAJCOT,majcot_P1_charged_H
MAJCUZ,majcuz_P1_charged_H
MAKFIQ,makfiq_P1_H
MAKFOW,makfow_P1_H
MAKGAJ,makgaj_P1_charged_H
MAKHOY,makhoy_P1_H
MALYOP,malyop_P1_charged_H
MAMVED,mamved_P1_H
MAPFER,mapfer_P1_H
MAPFIS,mapfis_P1_H
MAPLEX,maplex_P1_charged_H
MARDAM,mardam_P1_charged_H
MARXEK,marxek_P1_H
MATWUC,matwuc_P1_charged_H
MATXAJ,matxaj_P1_charged_H
MAVNAB,mavnab_P1_H
MAVNUU,mavnuu_P1_H
MAWFIC,mawfic_P1_H
MAWMEG,mawmeg_P1_charged_H
MAYKOO,maykoo_P1_H
MAYXUG,mayxug_P1_H
MAZHIF,mazhif_P1_charged_H
MAZSUD,mazsud_P1_H
MECDEH,mecdeh_P1_H
MEFHUC,mefhuc_P1_charged_H
MEGBAD,megbad_P1_H
MEHMET,mehmet_P1_H
MEQGUN,meqgun_P1_H
MEQPUW,meqpuw_P1_H
MEQTIO,meqtio_P1_H
MEQXEO,meqxeo_P1_H
MERLAZ,merlaz_P1_H
MERLED,merled_P1_H
MIBMER,mibmer_P1_H
MIDCAF,midcaf_P1_H
MIFGEP01,mifgep01_P1_H
MIFGEQ,mifgeq_P1_charged_H
MIFKUJ,mifkuj_P1_H
MIFLIY,mifliy_P1_H
MIFSUR,mifsur_P1_H
MIHMEW,mihmew_P1_H
MIHMIC,mihmic_P1_charged_H
MIHMOI,mihmoi_P1_H
MIJYEK,mijyek_P1_H
MILQIJ,milqij_P1_H
MILROQ,milroq_P1_H
MINVOU01,minvou01_P1_H
MINVUA,minvua_P1_H
MINVUA01,minvua01_P1_H
MIRDOJ,mirdoj_P1_H
MITGIF,mitgif_P1_H
MITGOL,mitgol_P1_H
MITGUR,mitgur_P1_H
MITSAK,mitsak_P1_charged_H
MITSEO,mitseo_P1_charged_H
MITSIS,mitsis_P1_charged_H
MIVWAR,mivwar_P1_charged_H
MIXHAF,mixhaf_P1_H
MIXZOK,mixzok_P1_charged_H
MOBBOU,mobbou_P1_H
MOGNAY,mognay_P1_H
MOGVAG,mogvag_P1_H
MOHMEE,mohmee_P1_H
MOHMEE01,mohmee01_P1_H
MOHMEE02,mohmee02_P1_H
MOHMEE03,mohmee03_P1_H
MOHMEE04,mohmee04_P1_H
MOHMEE05,mohmee05_P1_H
MOHMEE06,mohmee06_P1_H
MOHMEE07,mohmee07_P1_H
MOHMEE08,mohmee08_P1_H
MOHMEE09,mohmee09_P1_H
MOHMEE10,mohmee10_P1_H
MOHMEE11,mohmee11_P1_H
MOHMEE12,mohmee12_P1_H
MOHMEE13,mohmee13_P1_H
MOHMEE14,mohmee14_P1_H
MOHMEE15,mohmee15_P1_H
MOHMEE16,mohmee16_P1_H
MOHMEE17,mohmee17_P1_H
MOHMEE18,mohmee18_P1_H
MOHMEE19,mohmee19_P1_H
MOHMEE20,mohmee20_P1_H
MOHMEE21,mohmee21_P1_H
MOHMEE22,mohmee22_P1_H
MOHMEE23,mohmee23_P1_H
MOHMEE24,mohmee24_P1_H
MOHMEE25,mohmee25_P1_H
MOHMEE26,mohmee26_P1_H
MOHMEE27,mohmee27_P1_H
MOHMEE28,mohmee28_P1_H
MOHMEE29,mohmee29_P1_H
MOHMEE30,mohmee30_P1_H
MOHMEE31,mohmee31_P1_H
MOHMEE32,mohmee32_P1_H
MOHMEE33,mohmee33_P1_H
MOHMEE34,mohmee34_P1_H
MOHSEJ,mohsej_P1_H
MOJNAC,mojnac_P1_H
MOJPOT,mojpot_P1_H
MOJPOT01,mojpot01_P1_H
MOJPOT02,mojpot02_P1_H
MOJPOT03,mojpot03_P1_H
MOJPOT04,mojpot04_P1_H
MOJPOT05,mojpot05_P1_H
MOJPOT06,mojpot06_P1_H
MOJPOT07,mojpot07_P1_H
MOJPOT08,mojpot08_P1_H
MOJPOT09,mojpot09_P1_H
MOJPOT10,mojpot10_P1_H
MOJPOT11,mojpot11_P1_H
MOJPOT12,mojpot12_P1_H
MOJPOT13,mojpot13_P1_H
MOJPOT14,mojpot14_P1_H
MOJPOT15,mojpot15_P1_H
MOJPOT16,mojpot16_P1_H
MOJPOT17,mojpot17_P1_H
MOJPOT18,mojpot18_P1_H
MOJPOT19,mojpot19_P1_H
MOJPOT20,mojpot20_P1_H
MOJPOT21,mojpot21_P1_H
MOJPOT22,mojpot22_P1_H
MOJPOT23,mojpot23_P1_H
MOJPOT24,mojpot24_P1_H
MOJPOT25,mojpot25_P1_H
MOJPOT26,mojpot26_P1_H
MOJPOT27,mojpot27_P1_H
MOJPOT28,mojpot28_P1_H
MOJPOT29,mojpot29_P1_H
MOJPOT30,mojpot30_P1_H
MOJPOT31,mojpot31_P1_H
MOJPOT32,mojpot32_P1_H
MOJPOT33,mojpot33_P1_H
MOJPOT34,mojpot34_P1_H
MOJPOT35,mojpot35_P1_H
MOJPOT36,mojpot36_P1_H
MOJPOT37,mojpot37_P1_H
MOJPOT38,mojpot38_P1_H
MOJPOT39,mojpot39_P1_H
MOJPOT40,mojpot40_P1_H
MOJPOT41,mojpot41_P1_H
MOJPOT42,mojpot42_P1_H
MOJPOT43,mojpot43_P1_H
MOJPOT44,mojpot44_P1_H
MOJPOT45,mojpot45_P1_H
MOJPOT46,mojpot46_P1_H
MOJPOT47,mojpot47_P1_H
MOJPOT48,mojpot48_P1_H
MOJPOT49,mojpot49_P1_H
MOJPOT50,mojpot50_P1_H
MOJPOT51,mojpot51_P1_H
MOJPOT52,mojpot52_P1_H
MOJPOT53,mojpot53_P1_H
MOJPOT54,mojpot54_P1_H
MOJPOT55,mojpot55_P1_H
MOJPOT56,mojpot56_P1_H
MOJPOT57,mojpot57_P1_H
MOJPOT58,mojpot58_P1_H
MOJPOT59,mojpot59_P1_H
MOJPOT60,mojpot60_P1_H
MOJPOT61,mojpot61_P1_H
MOJPOT62,mojpot62_P1_H
MOJPOT63,mojpot63_P1_H
MOJPOT64,mojpot64_P1_H
MOJPOT65,mojpot65_P1_H
MOJPOT66,mojpot66_P1_H
MOJPOT67,mojpot67_P1_H
MOJPOT68,mojpot68_P1_H
MOJPOT69,mojpot69_P1_H
MOJPOT70,mojpot70_P1_H
MOJPOT71,mojpot71_P1_H
MOJPOT72,mojpot72_P1_H
MOJPOT73,mojpot73_P1_H
MOJPOT74,mojpot74_P1_H
MOJPOT75,mojpot75_P1_H
MOJPOT76,mojpot76_P1_H
MOJPOT77,mojpot77_P1_H
MOJPOT78,mojpot78_P1_H
MOJPOT79,mojpot79_P1_H
MOJPOT80,mojpot80_P1_H
MOJPOT81,mojpot81_P1_H
MOJPOT82,mojpot82_P1_H
MOJPOT83,mojpot83_P1_H
MOJPOT84,mojpot84_P1_H
MOJPOT85,mojpot85_P1_H
MOJPOT86,mojpot86_P1_H
MOJPOT87,mojpot87_P1_H
MOJPOT88,mojpot88_P1_H
MOJPOT89,mojpot89_P1_H
MOJPOT90,mojpot90_P1_H
MOJPOT91,mojpot91_P1_H
MOJPOT92,mojpot92_P1_H
MOJPOT93,mojpot93_P1_H
MOJPOT94,mojpot94_P1_H
MOJPOT95,mojpot95_P1_H
MOJPOT96,mojpot96_P1_H
MOJPOT97,mojpot97_P1_H
MOJPOT98,mojpot98_P1_H
MOJPOT99,mojpot99_P1_H
MOKXUI,mokxui_P1_H
MOKYAP,mokyap_P1_H
MOKYAP01,mokyap01_P1_H
MOKYAP03,mokyap03_P1_H
MOKYAP04,mokyap04_P1_H
MOKYAP05,mokyap05_P1_H
MOKYAP06,mokyap06_P1_H
MOKYAP07,mokyap07_P1_H
MOKYAP08,mokyap08_P1_H
MOKYAP09,mokyap09_P1_H
MOKYAP10,mokyap10_P1_H
MOKYAP11,mokyap11_P1_H
MOKYAP12,mokyap12_P1_H
MOKYAP13,mokyap13_P1_H
MOKYAP14,mokyap14_P1_H
MOKYAP15,mokyap15_P1_H
MOKYAP16,mokyap16_P1_H
MOKYAP17,mokyap17_P1_H
MOKYAP18,mokyap18_P1_H
MOKYAP19,mokyap19_P1_H
MOKYAP20,mokyap20_P1_H
MOKYAP21,mokyap21_P1_H
MOKYAP22,mokyap22_P1_H
MOKYAP23,mokyap23_P1_H
MOKYAP24,mokyap24_P1_H
MOKYAP25,mokyap25_P1_H
MOKYAP26,mokyap26_P1_H
MOKYAP27,mokyap27_P1_H
MOKYAP28,mokyap28_P1_H
MOKYAP29,mokyap29_P1_H
MOKYAP30,mokyap30_P1_H
MOKYAP31,mokyap31_P1_H
MOKYAP32,mokyap32_P1_H
MOKYAP33,mokyap33_P1_H
MOKYAP34,mokyap34_P1_H
MOKYAP35,mokyap35_P1_H
MOKYAP36,mokyap36_P1_H
MOKYAP37,mokyap37_P1_H
MOKYAP38,mokyap38_P1_H
MOKYAP39,mokyap39_P1_H
MOKYAP40,mokyap40_P1_H
MOKYAP41,mokyap41_P1_H
MOKYAP42,mokyap42_P1_H
MOKYAP43,mokyap43_P1_H
MOKYAP44,mokyap44_P1_H
MOKYAP45,mokyap45_P1_H
MOKYAP46,mokyap46_P1_H
MOKYAP47,mokyap47_P1_H
MOKYAP48,mokyap48_P1_H
MOKYAP49,mokyap49_P1_H
MOKYAP50,mokyap50_P1_H
MOKYAP51,mokyap51_P1_H
MOKYAP52,mokyap52_P1_H
MOKYAP53,mokyap53_P1_H
MOKYAP54,mokyap54_P1_H
MOKYAP55,mokyap55_P1_H
MOKYAP56,mokyap56_P1_H
MOKYAP57,mokyap57_P1_H
MOKYAP58,mokyap58_P1_H
MOKYAP59,mokyap59_P1_H
MOKYAP60,mokyap60_P1_H
MOKYAP61,mokyap61_P1_H
MOKYAP62,mokyap62_P1_H
MOKYAP63,mokyap63_P1_H
MOKYAP64,mokyap64_P1_H
MOKYAP65,mokyap65_P1_H
MOKYAP66,mokyap66_P1_H
MOKYAP67,mokyap67_P1_H
MOKYAP68,mokyap68_P1_H
MOKYAP69,mokyap69_P1_H
MOKYAP70,mokyap70_P1_H
MOKYAP71,mokyap71_P1_H
MOKYAP72,mokyap72_P1_H
MOKYAP73,mokyap73_P1_H
MOKYAP74,mokyap74_P1_H
MOKYAP75,mokyap75_P1_H
MOKYAP76,mokyap76_P1_H
MOKYAP77,mokyap77_P1_H
MOKYAP78,mokyap78_P1_H
MOKYAP79,mokyap79_P1_H
MOKYAP80,mokyap80_P1_H
MOKYAP81,mokyap81_P1_H
MOKYAP82,mokyap82_P1_H
MOKYAP83,mokyap83_P1_H
MOKYAP84,mokyap84_P1_H
MOKYAP85,mokyap85_P1_H
MOKYAP86,mokyap86_P1_H
MOKYAP87,mokyap87_P1_H
MOKYAP88,mokyap88_P1_H
MOKYAP89,mokyap89_P1_H
MOKYAP90,mokyap90_P1_H
MOKYAP91,mokyap91_P1_H
MOKYAP92,mokyap92_P1_H
MOKYAP93,mokyap93_P1_H
MOKYAP94,mokyap94_P1_H
MOKYAP95,mokyap95_P1_H
MOKYAP96,mokyap96_P1_H
MOKYAP97,mokyap97_P1_H
MOKYAP98,mokyap98_P1_H
MOKYAP99,mokyap99_P1_H
MOLKAB,molkab_P1_H
MOLLAD,mollad_P1_H
MOLLAD01,mollad01_P1_H
MOLLAD02,mollad02_P1_H
MOLLAD03,mollad03_P1_H
MOLLAD04,mollad04_P1_H
MOLLAD05,mollad05_P1_H
MOLLAD06,mollad06_P1_H
MOLLAD07,mollad07_P1_H
MOLLAD08,mollad08_P1_H
MOLLAD09,mollad09_P1_H
MOLLAD10,mollad10_P1_H
MOLLAD11,mollad11_P1_H
MOLLAD12,mollad12_P1_H
MOLLAD13,mollad13_P1_H
MOLLAD14,mollad14_P1_H
MOLLAD15,mollad15_P1_H
MOLLAD16,mollad16_P1_H
MOLLAD17,mollad17_P1_H
MOLLAD18,mollad18_P1_H
MOLLAD20,mollad20_P1_H
MOLLAD21,mollad21_P1_H
MOLLAD22,mollad22_P1_H
MOLLAD23,mollad23_P1_H
MOLLAD24,mollad24_P1_H
MOLLAD25,mollad25_P1_H
MOLLAD26,mollad26_P1_H
MOLLAD27,mollad27_P1_H
MOLLAD28,mollad28_P1_H
MOLLAD29,mollad29_P1_H
MOLLAD30,mollad30_P1_H
MOLLAD31,mollad31_P1_H
MOLLAD32,mollad32_P1_H
MOLLAD33,mollad33_P1_H
MOLLAD34,mollad34_P1_H
MOLLAD35,mollad35_P1_H
MOLLAD36,mollad36_P1_H
MOLLAD37,mollad37_P1_H
MOLLAD38,mollad38_P1_H
MOLLAD39,mollad39_P1_H
MOLLAD40,mollad40_P1_H
MOLLAD41,mollad41_P1_H
MOLLAD42,mollad42_P1_H
MOLLAD43,mollad43_P1_H
MOLLAD44,mollad44_P1_H
MOLLAD45,mollad45_P1_H
MOLLAD46,mollad46_P1_H
MOLLAD47,mollad47_P1_H
MOLLAD48,mollad48_P1_H
MOLLAD49,mollad49_P1_H
MOLLAD50,mollad50_P1_H
MOLLAD51,mollad51_P1_H
MOLLAD52,mollad52_P1_H
MOLLAD53,mollad53_P1_H
MOLLAD54,mollad54_P1_H
MOLLAD55,mollad55_P1_H
MOLLAD56,mollad56_P1_H
MOLLAD57,mollad57_P1_H
MOLLAD58,mollad58_P1_H
MOLLAD59,mollad59_P1_H
MOLLAD60,mollad60_P1_H
MOLLAD61,mollad61_P1_H
MOLLAD62,mollad62_P1_H
MOLLAD63,mollad63_P1_H
MOLLAD64,mollad64_P1_H
MOLLAD65,mollad65_P1_H
MOLLAD66,mollad66_P1_H
MOLLAD67,mollad67_P1_H
MOLLII,mollii_P1_H
MOMBEY,mombey_P1_H
MOMBEY01,mombey01_P1_H
MOMBEY02,mombey02_P1_H
MOMBEY03,mombey03_P1_H
MOMBEY04,mombey04_P1_H
MOMBEY05,mombey05_P1_H
MOMBEY06,mombey06_P1_H
MOMBEY07,mombey07_P1_H
MOMBEY08,mombey08_P1_H
MOMBEY09,mombey09_P1_H
MOMBEY10,mombey10_P1_H
MOMBEY11,mombey11_P1_H
MOMBEY12,mombey12_P1_H
MOMBEY13,mombey13_P1_H
MOMBEY14,mombey14_P1_H
MOMBEY15,mombey15_P1_H
MOMBEY16,mombey16_P1_H
MOMBEY17,mombey17_P1_H
MOMBEY18,mombey18_P1_H
MOMBEY19,mombey19_P1_H
MOMBEY20,mombey20_P1_H
MOMBEY21,mombey21_P1_H
MOMBEY22,mombey22_P1_H
MOMBEY23,mombey23_P1_H
MOMBEY24,mombey24_P1_H
MOMBEY25,mombey25_P1_H
MOMBEY26,mombey26_P1_H
MOMBEY27,mombey27_P1_H
MOMBEY28,mombey28_P1_H
MOMBEY29,mombey29_P1_H
MOMBEY30,mombey30_P1_H
MOMBEY31,mombey31_P1_H
MOMBEY32,mombey32_P1_H
MOMBEY33,mombey33_P1_H
MOMBEY34,mombey34_P1_H
MOMBEY35,mombey35_P1_H
MOMBEY36,mombey36_P1_H
MOMBEY37,mombey37_P1_H
MOMBEY38,mombey38_P1_H
MOMBEY39,mombey39_P1_H
MOMBEY40,mombey40_P1_H
MOMBEY41,mombey41_P1_H
MOMBEY42,mombey42_P1_H
MOMBEY43,mombey43_P1_H
MOMBEY46,mombey46_P1_H
MOMBEY47,mombey47_P1_H
MOMBEY48,mombey48_P1_H
MOMBEY49,mombey49_P1_H
MOMBEY50,mombey50_P1_H
MOMBEY51,mombey51_P1_H
MOMSUE,momsue_P1_H
MOQBEC21,moqbec21_P1_H
MOQBEC22,moqbec22_P1_H
MOQBEC38,moqbec38_P1_H
MOQBEC39,moqbec39_P1_H
MOQBEC40,moqbec40_P1_H
MOQBEC47,moqbec47_P1_H
MOQBEC48,moqbec48_P1_H
MORFAD10,morfad10_P1_H
MORFAD11,morfad11_P1_H
MORFAD12,morfad12_P1_H
MORFAD13,morfad13_P1_H
MORFAD14,morfad14_P1_H
MORFAD15,morfad15_P1_H
MORFAD16,morfad16_P1_H
MORFAD17,morfad17_P1_H
MORFAD18,morfad18_P1_H
MORFAD19,morfad19_P1_H
MORFAD20,morfad20_P1_H
MORFAD21,morfad21_P1_H
MORFAD22,morfad22_P1_H
MORFAD23,morfad23_P1_H
MOSHUA,moshua_P1_H
MOTKAI,motkai_P1_H
MOVFOU,movfou_P1_H
MOXDIN,moxdin_P1_charged_H
MOXPIZ,moxpiz_P1_charged_H
MOYDOW,moydow_P1_H
MOYREA,moyrea_P1_H
MOYRIE,moyrie_P1_H
MOYTUR,moytur_P1_charged_H
MUDLON,mudlon_P1_H
MUDTAH,mudtah_P1_H
MUGHED,mughed_P1_H
MUKHIM,mukhim_P1_H
MUNDEG,mundeg_P1_H
MUNDOQ,mundoq_P1_H
MUNLUE,munlue_P1_H
MUNPAN,munpan_P1_H
MUQSAU,muqsau_P1_H
MURCAD,murcad_P1_H
MUSTAY,mustay_P1_H
MUSVEE,musvee_P1_charged_H
MUVROM,muvrom_P1_charged_H
MUWQEB,muwqeb_P1_charged_H
MUYDUH,muyduh_P1_H
MUZHEV,muzhev_P1_H
MUZHUL,muzhul_P1_charged_H
NABCEA,nabcea_P1_charged_H
NABMUA,nabmua_P1_H
NABMUA01,nabmua01_P1_H
NADZID,nadzid_P1_H
NAGBUU,nagbuu_P1_H
NAGKOY,nagkoy_P1_H
NAHDIM,nahdim_P1_charged_H
NAHHAI,nahhai_P1_H
NAJMIV,najmiv_P1_charged_H
NAJQUN,najqun_P1_H
NAJRIC,najric_P1_H
NAJZII,najzii_P1_charged_H
NALYEG,nalyeg_P1_H
NAPJEX,napjex_P1_H
NAPJIB,napjib_P1_H
NAPJUN,napjun_P1_H
NAQLAW,naqlaw_P1_H
NARPOO,narpoo_P1_H
NARPUU,narpuu_P1_H
NATFAS,natfas_P1_charged_H
NATXIR,natxir_P1_H
NAVBIX,navbix_P1_charged_H
NAVJAW01,navjaw01_P1_H
NAVPAE,navpae_P1_charged_H
NAVPEI,navpei_P1_charged_H
NAWDUN,nawdun_P1_H
NAXKOO01,naxkoo01_P1_H
NAYKAB,naykab_P1_charged_H
NAYMOQ,naymoq_P1_H
NAYXOC,nayxoc_P1_H
NAYZOE,nayzoe_P1_H
NAZZEV,nazzev_P1_H
NDAIAH,ndaiah_P1_H
NECHOW,nechow_P1_H
NEDJAJ,nedjaj_P1_H
NEDTIC,nedtic_P1_H
NEDVOJ,nedvoj_P1_charged_H
NEDVUP,nedvup_P1_H
NEDWEA,nedwea_P1_H
NEDWIE,nedwie_P1_H
NEFGUD,nefgud_P1_H
NEGZUW,negzuw_P1_H
NEHZUY,nehzuy_P1_H
NEKBEL,nekbel_P1_H
NEMMEY,nemmey_P1_H
NENFEU,nenfeu_P1_H
NERMON,nermon_P1_H
NERSUA,nersua_P1_charged_H
NERTAH,nertah_P1_H
NESVAK,nesvak_P1_charged_H
NETFAU,netfau_P1_H
NETTOY,nettoy_P1_charged_H
NETTUE,nettue_P1_charged_H
NETVAM,netvam_P1_charged_H
NETVEQ,netveq_P1_charged_H
NEVDUQ,nevduq_P1_H
NEVJEF,nevjef_P1_H
NEVJOP,nevjop_P1_charged_H
NEVTIU03,nevtiu03_P1_H
NEXXEV,nexxev_P1_H
NEXXIZ,nexxiz_P1_H
NEZPOA,nezpoa_P1_H
NEZWOG,nezwog_P1_H
NHBZZN10,nhbzzn10_P1_H
NIBHOW,nibhow_P1_H
NIBHUC,nibhuc_P1_H
NIBJAK,nibjak_P1_H
NIBXUT,nibxut_P1_H
NIGBOW,nigbow_P1_H
NIGDIS,nigdis_P1_H
NIHGAP,nihgap_P1_H
NIHVUX,nihvux_P1_H
NIJKEZ,nijkez_P1_charged_H
NIJZIP,nijzip_P1_H
NIJZOV,nijzov_P1_H
NIKDAM,nikdam_P1_H
NIKJUN,nikjun_P1_H
NIKVAH,nikvah_P1_H
NILGIA,nilgia_P1_H
NILGOG,nilgog_P1_H
NIMLAZ,nimlaz_P1_H
NIMPEG,nimpeg_P1_H
NIMPEG01,nimpeg01_P1_H
NIMPOQ,nimpoq_P1_H
NIMRAD,nimrad_P1_H
NIMROT,nimrot_P1_H
NIMXIS,nimxis_P1_H
NIMZUF,nimzuf_P1_H
NINDEW,nindew_P1_H
NINDIA,nindia_P1_H
NINVAI,ninvai_P1_charged_H
NIQXUH,niqxuh_P1_H
NIRDEX,nirdex_P1_H
NIRGAY,nirgay_P1_H
NIRROY,nirroy_P1_H
NISBEX,nisbex_P1_H
NISPEL,nispel_P1_charged_H
NIVNOW,nivnow_P1_H
NIVNUC,nivnuc_P1_H
NIVWIY,nivwiy_P1_H
NIWYAV,niwyav_P1_H
NIWYEZ,niwyez_P1_H
NIZDEI,nizdei_P1_H
NIZNAN,niznan_P1_H
NIZNOC,niznoc_P1_H
NODTEH,nodteh_P1_H
NODTIL,nodtil_P1_H
NODTOR,nodtor_P1_H
NOFQII,nofqii_P1_H
NOHFOG,nohfog_P1_H
NOLVER,nolver_P1_H
NOMSUG,nomsug_P1_charged_H
NOPJOT,nopjot_P1_H
NOQLOV01,noqlov01_P1_charged_H
NORVOI,norvoi_P1_H
NUFBEX,nufbex_P1_charged_H
NUFBUN,nufbun_P1_H
NUFCAU,nufcau_P1_charged_H
NUHVOE,nuhvoe_P1_H
NUHVUK,nuhvuk_P1_H
NUKRET,nukret_P1_H
NULNOA,nulnoa_P1_H
NUTQAV,nutqav_P1_H
NUTQAX,nutqax_P1_H
NUTQEZ,nutqez_P1_H
NUVWEH,nuvweh_P1_H
NUVWIL,nuvwil_P1_H
NUYNAY,nuynay_P1_H
NUYNEC,nuynec_P1_H
OBAYUP,obayup_P1_H
OBIBEJ,obibej_P1_charged_H
OBUBOC,obuboc_P1_H
OBUDOI,obudoi_P1_charged_H
OBUFEX,obufex_P1_H
OCAWAT,ocawat_P1_H
OCIHIS,ocihis_P1_charged_H
OCIYUW,ociyuw_P1_charged_H
OCUGEZ,ocugez_P1_H
OCURIO,ocurio_P1_charged_H
OCUVUH,ocuvuh_P1_H
ODAJAG,odajag_P1_H
ODEZAB,odezab_P1_H
ODIXEG,odixeg_P1_H
OFERUN02,oferun02_P1_H
OFESAU,ofesau_P1_H
OFESEY,ofesey_P1_H
OFESIC,ofesic_P1_H
OFIVAA,ofivaa_P1_H
OFOCUI,ofocui_P1_H
OGEBAF,ogebaf_P1_H
OGEBAF01,ogebaf01_P1_H
OGESOJ,ogesoj_P1_charged_H
OGIXUY,ogixuy_P1_H
OGIYUZ,ogiyuz_P1_charged_H
OGUPIQ,ogupiq_P1_H
OGUPOW,ogupow_P1_H
OGURAK,ogurak_P1_charged_H
OGUZIA,oguzia_P1_charged_H
OHASUM,ohasum_P1_H
OHOFOG,ohofog_P1_H
OHUKIM,ohukim_P1_H
OJAXOP,ojaxop_P1_H
OJAXUV,ojaxuv_P1_H
OJAYAC,ojayac_P1_H
OJONOQ,ojonoq_P1_H
OKABAE,okabae_P1_H
OKITAE,okitae_P1_H
OKUJUB,okujub_P1_charged_H
OLANAS,olanas_P1_H
OLANEW,olanew_P1_H
OLEKUM,olekum_P1_H
OLEZUD,olezud_P1_charged_H
OLOGEC,ologec_P1_H
OLOMUZ,olomuz_P1_H
OLUZIH,oluzih_P1_H
OMIPEH,omipeh_P1_charged_H
OMITUB,omitub_P1_charged_H
OMOFED,omofed_P1_charged_H
OMOVUJ,omovuj_P1_charged_H
OMUSAS,omusas_P1_H
ONIRIP,onirip_P1_H
ONIROV,onirov_P1_charged_H
ONIRUB,onirub_P1_charged_H
ONISAI,onisai_P1_charged_H
ONIVOZ,onivoz_P1_charged_H
ONIVUF,onivuf_P1_charged_H
ONUCIL,onucil_P1_H
ONUJOZ,onujoz_P1_H
OPAPEB,opapeb_P1_H
OPAPIF,opapif_P1_H
OPAPOL,opapol_P1_H
OPIPOT,opipot_P1_H
OPUMEU,opumeu_P1_charged_H
OQANIE,oqanie_P1_H
OQIQUB01,oqiqub01_P1_charged_H
OQOBUT,oqobut_P1_H
OQOCAA,oqocaa_P1_H
OQUCOU,oqucou_P1_charged_H
OQUCUA,oqucua_P1_charged_H
OQUWUU,oquwuu_P1_H
OQUXEF,oquxef_P1_H
OQUXIJ,oquxij_P1_H
OQUZIL,oquzil_P1_charged_H
ORAGOF,oragof_P1_charged_H
ORAPUU,orapuu_P1_H
ORIFUS,orifus_P1_H
ORIVOC,orivoc_P1_H
ORIVUI,orivui_P1_H
ORIWAP,oriwap_P1_H
ORIWET,oriwet_P1_H
ORULEU,oruleu_P1_H
ORUXEH,oruxeh_P1_H
OSIKUX,osikux_P1_H
OSIMOV,osimov_P1_H
OSOBIK,osobik_P1_H
OSOCEH,osoceh_P1_H
OSOHIQ,osohiq_P1_H
OSOMIT,osomit_P1_H
OTAGAU,otagau_P1_H
OTECUN,otecun_P1_H
OTOVIE,otovie_P1_H
OTUDEO,otudeo_P1_H
OTUDIS,otudis_P1_H
OVABUJ,ovabuj_P1_H
OVEDUP,ovedup_P1_H
OVEFUR,ovefur_P1_H
OVEJUX,ovejux_P1_H
OVEKEI,ovekei_P1_H
OVEKIM,ovekim_P1_H
OVEYOE,oveyoe_P1_H
OVIZID,ovizid_P1_H
OVIZUP,ovizup_P1_H
OVUQUU,ovuquu_P1_charged_H
OWAVIS,owavis_P1_H
OWAZOE,owazoe_P1_H
OWEBEA,owebea_P1_H
OWILAJ,owilaj_P1_H
OWIZAW,owizaw_P1_H
OXALEF,oxalef_P1_charged_H
OXALIJ,oxalij_P1_charged_H
OXITOF,oxitof_P1_H
OXUNEB,oxuneb_P1_charged_H
OXUPUT,oxuput_P1_H
OXUWIP,oxuwip_P1_H
OYADOK,oyadok_P1_H
OYAHAA,oyahaa_P1_charged_H
OYERER,oyerer_P1_charged_H
OYERIV,oyeriv_P1_charged_H
OYEWEW,oyewew_P1_H
OYINUI,oyinui_P1_H
OYIVEY,oyivey_P1_H
OYOWUX,oyowux_P1_charged_H
OZEMIQ,ozemiq_P1_charged_H
OZEMOW,ozemow_P1_charged_H
OZETOF,ozetof_P1_H
OZIPAQ,ozipaq_P1_H
PACGIM,pacgim_P1_charged_H
PACZUQ,paczuq_P1_H
PADBAZ,padbaz_P1_charged_H
PAFPOF,pafpof_P1_H
PAGSOJ,pagsoj_P1_H
PAGTEA,pagtea_P1_H
PAHXUV,pahxuv_P1_H
PAHYAC,pahyac_P1_H
PAHYEG,pahyeg_P1_H
PAHYIK,pahyik_P1_H
PAHYOQ,pahyoq_P1_H
PAHYUW,pahyuw_P1_H
PAJCUC02,pajcuc02_P1_H
PAJCUC03,pajcuc03_P1_H
PAJCUC04,pajcuc04_P1_H
PAJCUC10,pajcuc10_P1_H
PAPNUR,papnur_P1_charged_H
PAPROO,paproo_P1_H
PAPRUU,papruu_P1_H
PAPZAJ,papzaj_P1_H
PAVLII,pavlii_P1_charged_H
PAWWUJ,pawwuj_P1_H
PAZDUS,pazdus_P1_H
PECKIV,peckiv_P1_H
PEFRUP,pefrup_P1_H
PEFSUQ,pefsuq_P1_H
PEGPOI,pegpoi_P1_H
PEGPUO,pegpuo_P1_H
PEGQAV,pegqav_P1_H
PEGQID,pegqid_P1_H
PEGQOJ,pegqoj_P1_H
PEGQUP,pegqup_P1_H
PEHQID,pehqid_P1_charged_H
PEJFUG,pejfug_P1_charged_H
PEJNUP,pejnup_P1_charged_H
PEJPEB,pejpeb_P1_H
PEKDAM,pekdam_P1_H
PELRIJ,pelrij_P1_H
PEMREG,pemreg_P1_H
PEPFAT,pepfat_P1_H
PEWFII,pewfii_P1_H
PEXTUI,pextui_P1_H
PEYSUJ,peysuj_P1_H
PEYVEV,peyvev_P1_H
PIBNUK,pibnuk_P1_H
PIBNUK01,pibnuk01_P1_H
PIBPIA,pibpia_P1_H
PIBXOP,pibxop_P1_charged_H
PIBXUV,pibxuv_P1_charged_H
PIBZAE,pibzae_P1_H
PIBZOS,pibzos_P1_H
PIBZUY,pibzuy_P1_H
PICBAH,picbah_P1_H
PIDPOK,pidpok_P1_H
PIDVUW,pidvuw_P1_H
PIGXAF,pigxaf_P1_charged_H
PIKCUK,pikcuk_P1_charged_H
PIKYAM,pikyam_P1_H
PILPOS,pilpos_P1_H
PIPKOR,pipkor_P1_charged_H
PIQFIG,piqfig_P1_H
PIQMOT,piqmot_P1_H
PIQMUZ,piqmuz_P1_charged_H
PIQPUC,piqpuc_P1_H
PIQQEN,piqqen_P1_H
PIQQIR,piqqir_P1_H
PIRQOZ,pirqoz_P1_charged_H
PIXDIM,pixdim_P1_H
PIZHUC,pizhuc_P1_charged_H
PIZJAJ,pizjaj_P1_charged_H
PIZJEN,pizjen_P1_charged_H
PIZNOB,piznob_P1_H
PIZPAP,pizpap_P1_H
PIZPET,pizpet_P1_H
PIZPIX,pizpix_P1_H
PIZPIX02,pizpix02_P1_H
PIZPOD,pizpod_P1_H
PIZSAU,pizsau_P1_H
POBNEA,pobnea_P1_charged_H
POBYAH,pobyah_P1_H
POCCUI,poccui_P1_H
PODCUJ,podcuj_P1_H
PODKOK,podkok_P1_H
PODKUQ,podkuq_P1_H
POGDAS,pogdas_P1_charged_H
POHWIU,pohwiu_P1_H
POJNEI,pojnei_P1_charged_H
POKDIF,pokdif_P1_H
POKDIF01,pokdif01_P1_H
POKGEC,pokgec_P1_H
POMMAH,pommah_P1_charged_H
POMXIA,pomxia_P1_H
PONRES,ponres_P1_H
POPPAO,poppao_P1_charged_H
POQXAV,poqxav_P1_charged_H
PORVUQ,porvuq_P1_H
POSFOU,posfou_P1_H
POSWUS,poswus_P1_H
POXLIZ,poxliz_P1_H
POZHUI,pozhui_P1_charged_H
PRIMIN,primin_P1_H
PUFNUB,pufnub_P1_H
PUFRIR,pufrir_P1_charged_H
PUFXIZ,pufxiz_P1_H
PUGGOP,puggop_P1_H
PUGJEI,pugjei_P1_H
PUJJEL,pujjel_P1_H
PUKVAU,pukvau_P1_H
PULQOE,pulqoe_P1_H
PUMDIM,pumdim_P1_charged_H
PUMYOO,pumyoo_P1_H
PUQJAP,puqjap_P1_H
PURJES,purjes_P1_H
PURQEZ,purqez_P1_H
PUSXIL,pusxil_P1_charged_H
PUTYEI,putyei_P1_charged_H
PUVJOG,puvjog_P1_H
PUYGUO,puyguo_P1_H
PUYRAF,puyraf_P1_H
PUZLAZ,puzlaz_P1_H
QABXOK,qabxok_P1_H
QACWEA,qacwea_P1_charged_H
QADKAH,qadkah_P1_H
QAFGAG,qafgag_P1_H
QAGQEW,qagqew_P1_H
QALHIX,qalhix_P1_charged_H
QALNIA,qalnia_P1_H
QALWUZ,qalwuz_P1_charged_H
QALXAG,qalxag_P1_charged_H
QALXEK,qalxek_P1_charged_H
QALXIO,qalxio_P1_H
QALXOU,qalxou_P1_charged_H
QAMVEH01,qamveh01_P1_H
QANSUV,qansuv_P1_H
QANWOV,qanwov_P1_H
QANWUB,qanwub_P1_H
QAPLIG,qaplig_P1_H
QAQNOO,qaqnoo_P1_H
QAQNOO01,qaqnoo01_P1_H
QARPEI,qarpei_P1_H
QATPUX,qatpux_P1_H
QATRAG,qatrag_P1_H
QAVBUL,qavbul_P1_H
QAZFAB,qazfab_P1_H
QEFLIA,qeflia_P1_charged_H
QEFWUV,qefwuv_P1_H
QEJLID,qejlid_P1_H
QEJYIP,qejyip_P1_H
QETBUP,qetbup_P1_H
QETCAW,qetcaw_P1_H
QEZZIF,qezzif_P1_H
QEZZOL,qezzol_P1_H
QIBTAW,qibtaw_P1_charged_H
QIDDAI01,qiddai01_P1_H
QIFMAW,qifmaw_P1_H
QIFMEA,qifmea_P1_H
QIFMIE,qifmie_P1_H
QIMFEA,qimfea_P1_charged_H
QIMNIL,qimnil_P1_H
QINZOC,qinzoc_P1_H
QIPROY,qiproy_P1_H
QISVAQ,qisvaq_P1_H
QITDOO,qitdoo_P1_H
QITSAQ,qitsaq_P1_charged_H
QIVTIB,qivtib_P1_H
QIVTOH,qivtoh_P1_H
QIVZUT,qivzut_P1_H
QIWCOQ,qiwcoq_P1_H
QIWGOU,qiwgou_P1_H
QIXSOG,qixsog_P1_charged_H
QIXSOG01,qixsog01_P1_charged_H
QIYFAI,qiyfai_P1_H
QIYJEO,qiyjeo_P1_H
QIZLIW,qizliw_P1_charged_H
QOBGEV,qobgev_P1_charged_H
QONQAM,qonqam_P1_H
QOPCII,qopcii_P1_charged_H
QOPHEI,qophei_P1_H
QOPPES,qoppes_P1_H
QOQDEH,qoqdeh_P1_H
QOSLES,qosles_P1_charged_H
QOSXAY,qosxay_P1_H
QOTKOC,qotkoc_P1_charged_H
QOTKOC01,qotkoc01_P1_charged_H
QOTKOC02,qotkoc02_P1_charged_H
QOTKOC03,qotkoc03_P1_charged_H
QOTKOC04,qotkoc04_P1_charged_H
QOTLOD,qotlod_P1_charged_H
QOTLOD01,qotlod01_P1_charged_H
QOTLOD02,qotlod02_P1_charged_H
QOTLOD03,qotlod03_P1_charged_H
QOTLOD04,qotlod04_P1_charged_H
QOTLOD05,qotlod05_P1_charged_H
QOTZEG,qotzeg_P1_H
QOVDAH,qovdah_P1_H
QOVDEL,qovdel_P1_H
QOWLEU,qowleu_P1_H
QOWRAV02,qowrav02_P1_H
QOWRAV03,qowrav03_P1_H
QOWRAV04,qowrav04_P1_H
QOWRAV05,qowrav05_P1_H
QOWRAV06,qowrav06_P1_H
QOWRAV07,qowrav07_P1_H
QOWRAV08,qowrav08_P1_H
QOWRAV09,qowrav09_P1_H
QOWRAV10,qowrav10_P1_H
QOWRAV11,qowrav11_P1_H
QOWRAV12,qowrav12_P1_H
QOXNEX,qoxnex_P1_H
QOXRON,qoxron_P1_H
QOYYOU,qoyyou_P1_H
QOZFUG,qozfug_P1_charged_H
QUBZAP,qubzap_P1_charged_H
QUFTAM,quftam_P1_H
QUGQUH,qugquh_P1_H
QULMIU,qulmiu_P1_H
QUQFOY,quqfoy_P1_H
QUQPOI,quqpoi_P1_charged_H
QUQWOQ,quqwoq_P1_charged_H
QUSFEP,qusfep_P1_charged_H
QUSHUJ,qushuj_P1_H
QUSSAB,qussab_P1_H
QUSSOO,qussoo_P1_charged_H
QUTTII01,quttii01_P1_H
QUTXOT,qutxot_P1_H
QUXJUR,quxjur_P1_H
RACHUA,rachua_P1_H
RAGYAB,ragyab_P1_H
RAHBOU,rahbou_P1_H
RAHNOF,rahnof_P1_H
RAJFAL,rajfal_P1_H
RAJQEC,rajqec_P1_charged_H
RALFIX,ralfix_P1_H
RAMJOH,ramjoh_P1_charged_H
RANHOH,ranhoh_P1_charged_H
RANWAH,ranwah_P1_H
RAPYUE,rapyue_P1_H
RARYIT,raryit_P1_H
RASXEP,rasxep_P1_H
RASXEP01,rasxep01_P1_H
RASXIT,rasxit_P1_H
RAVVOA02,ravvoa02_P1_H
RAVVUH,ravvuh_P1_H
RAVWAO,ravwao_P1_H
RAVWES,ravwes_P1_H
RAVWOC,ravwoc_P1_H
RAVWUI,ravwui_P1_H
RAVXIX,ravxix_P1_H
RAXCAW,raxcaw_P1_charged_H
RAYKUZ,raykuz_P1_H
RAYLUA,raylua_P1_H
RAYMAH,raymah_P1_H
RAYMIP,raymip_P1_H
RAYMOV,raymov_P1_H
RAZXIA,razxia_P1_H
RAZXIA02,razxia02_P1_H
REBSID,rebsid_P1_charged_H
REBSOJ,rebsoj_P1_charged_H
REBSUP,rebsup_P1_charged_H
REBVOM,rebvom_P1_H
REBYIJ,rebyij_P1_charged_H
REDROI,redroi_P1_H
REGJIW,regjiw_P1_H
REGJIW01,regjiw01_P1_H
REGQUR,regqur_P1_H
REGREC,regrec_P1_H
REGRIG,regrig_P1_H
REHHET,rehhet_P1_H
REHHOD,rehhod_P1_H
RERVIW,rerviw_P1_charged_H
RERVOC,rervoc_P1_charged_H
RESMEJ,resmej_P1_charged_H
RETDOM,retdom_P1_charged_H
REWSUJ,rewsuj_P1_charged_H
REWTOF,rewtof_P1_H
REWTUL,rewtul_P1_H
REWVAT,rewvat_P1_H
REWVEX,rewvex_P1_H
REWVIB,rewvib_P1_H
REWVOH,rewvoh_P1_H
REYMOZ,reymoz_P1_H
REZXEA,rezxea_P1_charged_H
REZXIE,rezxie_P1_charged_H
REZXIE01,rezxie01_P1_charged_H
RIBTAZ,ribtaz_P1_H
RICBEM,ricbem_P1_H
RIDCEN,ridcen_P1_charged_H
RIFDUG01,rifdug01_P1_H
RIFQEC,rifqec_P1_H
RIFQUT,rifqut_P1_H
RIFYAI,rifyai_P1_charged_H
RIFZEO,rifzeo_P1_charged_H
RIGPAB,rigpab_P1_H
RILFEA,rilfea_P1_H
RILJOO,riljoo_P1_charged_H
RINNOU,rinnou_P1_H
RINPEJ,rinpej_P1_charged_H
RIPTAM,riptam_P1_H
RIQCUS,riqcus_P1_H
RISXAU,risxau_P1_H
RIWKOA,riwkoa_P1_H
RIWMUH,riwmuh_P1_H
RIWNAO,riwnao_P1_charged_H
RIWSUM,riwsum_P1_H
RIXPOF,rixpof_P1_H
RIYWIH,riywih_P1_H
RODJUS,rodjus_P1_H
ROFREL01,rofrel01_P1_H
ROFYOD,rofyod_P1_charged_H
ROGRIP,rogrip_P1_H
ROLKIP,rolkip_P1_charged_H
ROLKUB,rolkub_P1_H
ROLLUC,rolluc_P1_H
ROLZEZ,rolzez_P1_charged_H
ROMQAN,romqan_P1_H
ROMQER,romqer_P1_H
RONCIG,roncig_P1_H
ROQZOP,roqzop_P1_H
RORBAE01,rorbae01_P1_H
RORRIC01,rorric01_P1_H
RORRIC02,rorric02_P1_H
RORRIC03,rorric03_P1_H
RORRIC05,rorric05_P1_H
RORRIC06,rorric06_P1_H
ROSKER,rosker_P1_H
ROSZIL,roszil_P1_charged_H
ROSZOR,roszor_P1_charged_H
ROTNUM,rotnum_P1_H
ROTNUM01,rotnum01_P1_H
ROTTOL,rottol_P1_H
ROVPIE,rovpie_P1_H
ROVPOK,rovpok_P1_H
ROVVOQ01,rovvoq01_P1_H
ROVVOQ04,rovvoq04_P1_H
ROVYEJ,rovyej_P1_H
RUBDUP,rubdup_P1_H
RUBLAD03,rublad03_P1_H
RUBTAK,rubtak_P1_H
RUBTAK01,rubtak01_P1_H
RUBTAK02,rubtak02_P1_H
RUCGOM,rucgom_P1_H
RUGXIC,rugxic_P1_charged_H
RUGXUO,rugxuo_P1_charged_H
RUJGOT,rujgot_P1_H
RULQIY,rulqiy_P1_H
RULQUN,rulqun_P1_H
RULRAU,rulrau_P1_H
RUPHAO,ruphao_P1_H
RUPHES,ruphes_P1_H
RUPRUQ,rupruq_P1_H
RUPVAB,rupvab_P1_charged_H
RUPZIM,rupzim_P1_H
RUTPAY01,rutpay01_P1_H
RUVKAV,ruvkav_P1_H
RUYHAX,ruyhax_P1_H
RUYNIK,ruynik_P1_H
RUYQIN,ruyqin_P1_H
RUYQIN01,ruyqin01_P1_H
RUYQIN02,ruyqin02_P1_H
RUYQIN03,ruyqin03_P1_H
RUYTUC,ruytuc_P1_H
RUYVAK,ruyvak_P1_H
RUYVIS,ruyvis_P1_H
RUZRUC,ruzruc_P1_H
SABVOH,sabvoh_P1_H
SABVUN,sabvun_P1_H
SABWAU,sabwau_P1_H
SADLEQ,sadleq_P1_H
SADLIU,sadliu_P1_H
SAGYEI,sagyei_P1_H
SAHNIZ,sahniz_P1_charged_H
SAKNOJ,saknoj_P1_H
SALXEL,salxel_P1_H
SALXIP,salxip_P1_H
SAMVEK,samvek_P1_H
SAQQAD,saqqad_P1_H
SAQQEH,saqqeh_P1_H
SAQQIL,saqqil_P1_H
SAQQOR,saqqor_P1_H
SARMEE,sarmee_P1_H
SARMII,sarmii_P1_H
SATNOR04,satnor04_P1_H
SATYAQ,satyaq_P1_H
SAXVIA,saxvia_P1_H
SAXYOI,saxyoi_P1_H
SAXYUO,saxyuo_P1_H
SAYKIO,saykio_P1_H
SAZPIV,sazpiv_P1_H
SAZQUI,sazqui_P1_H
SECSUR,secsur_P1_H
SEDLAP01,sedlap01_P1_H
SEGWAF,segwaf_P1_H
SEHXIN,sehxin_P1_H
SEKBIW,sekbiw_P1_H
SEKBOC,sekboc_P1_H
SELKEC,selkec_P1_H
SEQSIS,seqsis_P1_H
SEQSOY,seqsoy_P1_H
SERKOQ,serkoq_P1_H
SERTAO,sertao_P1_H
SETXIA,setxia_P1_charged_H
SEVWEY,sevwey_P1_H
SEVWIC,sevwic_P1_H
SEYDUW,seyduw_P1_H
SEYFAE,seyfae_P1_H
SEYFEI,seyfei_P1_H
SEYQIW,seyqiw_P1_charged_H
SEZZEF,sezzef_P1_H
SICZIP,siczip_P1_H
SIGTOU,sigtou_P1_H
SIJMOQ,sijmoq_P1_H
SIMYEV,simyev_P1_H
SINWAQ,sinwaq_P1_charged_H
SINWEU,sinweu_P1_charged_H
SIRBIG07,sirbig07_P1_charged_H
SITCUW,sitcuw_P1_H
SIVGAH,sivgah_P1_H
SIVGAI,sivgai_P1_H
SIXNEV,sixnev_P1_H
SIYFEO,siyfeo_P1_charged_H
SOBDOF,sobdof_P1_H
SOBTUY,sobtuy_P1_H
SOCKEC,sockec_P1_H
SOCKOM,sockom_P1_H
SODRUB,sodrub_P1_charged_H
SOFJOO,sofjoo_P1_H
SOJDEB,sojdeb_P1_H
SOJSUH,sojsuh_P1_H
SOJTOC,sojtoc_P1_charged_H
SOKKOT,sokkot_P1_H
SOKKUZ,sokkuz_P1_H
SOLHOT,solhot_P1_H
SOLHUZ,solhuz_P1_H
SOMFAC,somfac_P1_H
SOMFEG,somfeg_P1_H
SOMPES,sompes_P1_H
SOMSIY,somsiy_P1_H
SOPQUK,sopquk_P1_H
SOQHIR01,soqhir01_P1_H
SOTTUR,sottur_P1_charged_H
SOTXIK,sotxik_P1_charged_H
SOVHOA,sovhoa_P1_H
SOZSIL,sozsil_P1_H
SOZSUX,sozsux_P1_H
SUCLOT,suclot_P1_H
SUFROA,sufroa_P1_charged_H
SUJNUH,sujnuh_P1_H
SUJYAA,sujyaa_P1_H
SUKREX,sukrex_P1_H
SUKRIB,sukrib_P1_H
SUKYIH,sukyih_P1_H
SUKYON,sukyon_P1_H
SUMBEK,sumbek_P1_H
SUMRAW,sumraw_P1_H
SUNLAP,sunlap_P1_H
SUPKOG,supkog_P1_H
SUQHUJ,suqhuj_P1_charged_H
SURWAG,surwag_P1_charged_H
SUXPOS,suxpos_P1_H
TABNUJ,tabnuj_P1_H
TACPAP,tacpap_P1_H
TACPET,tacpet_P1_H
TACPIX,tacpix_P1_H
TACPOD,tacpod_P1_H
TADWIG,tadwig_P1_H
TAGSON,tagson_P1_H
TAGTED,tagted_P1_H
TAGTIH,tagtih_P1_charged_H
TAGTUT,tagtut_P1_H
TALJUM,taljum_P1_charged_H
TAQTUE01,taqtue01_P1_charged_H
TARCUN,tarcun_P1_charged_H
TASWER,taswer_P1_H
TASWIV,taswiv_P1_H
TASWOB,taswob_P1_H
TASXIW,tasxiw_P1_H
TASYUJ,tasyuj_P1_charged_H
TASZAQ,taszaq_P1_charged_H
TASZEU,taszeu_P1_charged_H
TATPAI,tatpai_P1_H
TATPEM,tatpem_P1_H
TAWYUO,tawyuo_P1_charged_H
TAXLIQ,taxliq_P1_H
TAXNUF,taxnuf_P1_H
TAYNEN,taynen_P1_H
TAZBOP,tazbop_P1_charged_H
TAZBOP01,tazbop01_P1_charged_H
TAZLIR,tazlir_P1_H
TAZLOX,tazlox_P1_H
TAZLUD,tazlud_P1_H
TAZSAP02,tazsap02_P1_H
TEDGOA,tedgoa_P1_H
TEDGUG,tedgug_P1_H
TEDHAN,tedhan_P1_H
TEDSIG,tedsig_P1_H
TEGHAS,teghas_P1_H
TEJBUI,tejbui_P1_H
TEJGAS,tejgas_P1_H
TEJGEW,tejgew_P1_H
TEJGIA,tejgia_P1_H
TEKDUI,tekdui_P1_H
TEKYOA,tekyoa_P1_H
TEMPEI,tempei_P1_H
TEPNAG,tepnag_P1_H
TEPREO,tepreo_P1_H
TEQPAI,teqpai_P1_H
TETWUM,tetwum_P1_H
TETXAT01,tetxat01_P1_H
TEWFOS,tewfos_P1_H
TEWFUY,tewfuy_P1_H
TEWMUG,tewmug_P1_H
TEWSUM,tewsum_P1_H
TEXVUQ,texvuq_P1_H
TEXWAX,texwax_P1_H
TEXWEB,texweb_P1_H
TEXWIF,texwif_P1_H
TEXWOL,texwol_P1_charged_H
TIBJUM,tibjum_P1_H
TIFHAT,tifhat_P1_charged_H
TIFHEX,tifhex_P1_charged_H
TIHRUA,tihrua_P1_charged_H
TIHTUC,tihtuc_P1_H
TILWIV,tilwiv_P1_H
TINFIH,tinfih_P1_H
TIQHAD,tiqhad_P1_H
TIRQOB,tirqob_P1_H
TISKOW,tiskow_P1_H
TISLIR,tislir_P1_H
TISNUH,tisnuh_P1_H
TISPAP,tispap_P1_H
TIXVON,tixvon_P1_H
TIYMEU,tiymeu_P1_H
TOCNUX,tocnux_P1_H
TODFOK,todfok_P1_H
TODLEG,todleg_P1_H
TOGFIH,togfih_P1_charged_H
TOGGOO,toggoo_P1_charged_H
TOGMIO,togmio_P1_H
TOHNOV,tohnov_P1_H
TOHYOF,tohyof_P1_charged_H
TOHYUL,tohyul_P1_H
TOLGOR,tolgor_P1_H
TOMBAB,tombab_P1_charged_H
TOVJIZ,tovjiz_P1_H
TOVJOF,tovjof_P1_H
TOVKEW,tovkew_P1_H
TOVKIA,tovkia_P1_H
TOVKOG,tovkog_P1_H
TOWLOI,towloi_P1_H
TOWNAW,townaw_P1_H
TOWNEA,townea_P1_H
TOWNOK,townok_P1_H
TOWPAY,towpay_P1_H
TOWSAC,towsac_P1_H
TOYCOC,toycoc_P1_H
TOZZEQ,tozzeq_P1_H
TUBCAW,tubcaw_P1_H
TUBDAY,tubday_P1_H
TUBJAD,tubjad_P1_H
TUHDIM,tuhdim_P1_H
TUHDOS,tuhdos_P1_H
TULLIX,tullix_P1_H
TULNIZ,tulniz_P1_charged_H
TULNOG01,tulnog01_P1_H
TUMGIS,tumgis_P1_H
TUNCAI,tuncai_P1_H
TUNKAQ,tunkaq_P1_H
TUPGIU,tupgiu_P1_charged_H
TUPZOW,tupzow_P1_charged_H
TUSGOD,tusgod_P1_charged_H
TUSGUJ,tusguj_P1_charged_H
TUTGOF,tutgof_P1_H
TUTJAU,tutjau_P1_H
TUVCIZ,tuvciz_P1_H
TUVDIX,tuvdix_P1_H
TUVDOD,tuvdod_P1_H
TUVDUJ,tuvduj_P1_H
TUWFID,tuwfid_P1_H
TUWFOJ,tuwfoj_P1_H
TUWFUP,tuwfup_P1_charged_H
TUXVOA,tuxvoa_P1_H
TUXVUG,tuxvug_P1_H
UBALIU,ubaliu_P1_H
UBOGAV,ubogav_P1_H
UCEXAC,ucexac_P1_H
UCEXIK,ucexik_P1_H
UCEXOQ,ucexoq_P1_H
UCOXOZ,ucoxoz_P1_H
UDICER,udicer_P1_H
UDIDAO,udidao_P1_H
UDIHOF,udihof_P1_charged_H
UDISAE,udisae_P1_charged_H
UDIWUC,udiwuc_P1_H
UDOVUG,udovug_P1_H
UFALAR,ufalar_P1_H
UFAQIE,ufaqie_P1_H
UFASAW,ufasaw_P1_H
UFIRIM,ufirim_P1_H
UFOFIF,ufofif_P1_H
UGOSOY,ugosoy_P1_charged_H
UHAXOS,uhaxos_P1_charged_H
UJAQAY,ujaqay_P1_H
UJAQEC,ujaqec_P1_H
UJAQOM,ujaqom_P1_H
UJECIY,ujeciy_P1_H
UJECUI,ujecui_P1_H
UJEDIX,ujedix_P1_H
UJEVIQ,ujeviq_P1_H
UKAHOG,ukahog_P1_H
UKEXEP,ukexep_P1_charged_H
UKIQOV,ukiqov_P1_H
UKOZOK,ukozok_P1_charged_H
UKUBAE,ukubae_P1_H
UKUDEL,ukudel_P1_H
ULALOL,ulalol_P1_charged_H
ULAQAB,ulaqab_P1_charged_H
ULAQEF,ulaqef_P1_charged_H
ULIJAD,ulijad_P1_H
ULIMIN,ulimin_P1_H
UMABIV,umabiv_P1_H
UMIGAA,umigaa_P1_charged_H
UMOYOM17,umoyom17_P1_H
UMUTOM,umutom_P1_H
UNEPAE,unepae_P1_H
UPECEY,upecey_P1_H
UQERIT,uqerit_P1_charged_H
UQOCAH,uqocah_P1_H
UQOPUO,uqopuo_P1_H
UQOYAB,uqoyab_P1_H
UQOZAE,uqozae_P1_H
UQUCUG,uqucug_P1_H
UREMUC,uremuc_P1_H
URENAJ,urenaj_P1_H
URENEM,urenem_P1_charged_H
UROPEY01,uropey01_P1_H
USORUR,usorur_P1_H
UTACID,utacid_P1_H
UTACUP,utacup_P1_H
UTEWOG,utewog_P1_H
UTIYIH,utiyih_P1_charged_H
UTULUR,utulur_P1_H
UVARAL01,uvaral01_P1_charged_H
UVEVUN,uvevun_P1_H
UVUFUN,uvufun_P1_charged_H
UWAYID,uwayid_P1_charged_H
UWEHAG,uwehag_P1_H
UWOJOI,uwojoi_P1_H
UWUKII,uwukii_P1_H
UXISUR,uxisur_P1_H
UYETUQ,uyetuq_P1_charged_H
UYEVEC,uyevec_P1_charged_H
UYEVUS,uyevus_P1_charged_H
UYEWED,uyewed_P1_charged_H
UYEWUT,uyewut_P1_charged_H
UYOCIX,uyocix_P1_H
UYUGAY,uyugay_P1_H
UYUGEC,uyugec_P1_H
UZEWOM,uzewom_P1_H
UZEWUS,uzewus_P1_H
UZUSEO,uzuseo_P1_charged_H
VABQAQ,vabqaq_P1_H
VACFOV,vacfov_P1_H
VACFUB,vacfub_P1_H
VADDOX,vaddox_P1_H
VADDUD,vaddud_P1_H
VADFAL,vadfal_P1_H
VADWON,vadwon_P1_charged_H
VAGMAT,vagmat_P1_H
VAGMEX,vagmex_P1_H
VAHPUT,vahput_P1_H
VAHTUW,vahtuw_P1_H
VAKNEE,vaknee_P1_H
VALQUY,valquy_P1_charged_H
VALVIQ,valviq_P1_H
VAPBEV,vapbev_P1_charged_H
VAPBIZ,vapbiz_P1_charged_H
VAPFOJ,vapfoj_P1_H
VAPFUP,vapfup_P1_H
VAQLEG,vaqleg_P1_H
VAQLIK,vaqlik_P1_H
VAQTUF,vaqtuf_P1_H
VARWES,varwes_P1_charged_H
VARWIW,varwiw_P1_charged_H
VARWOC,varwoc_P1_charged_H
VARWUI,varwui_P1_charged_H
VASFAZ,vasfaz_P1_H
VASFED,vasfed_P1_H
VASFIH,vasfih_P1_H
VASFON,vasfon_P1_H
VASFUT,vasfut_P1_H
VASKOR,vaskor_P1_H
VASQAL,vasqal_P1_charged_H
VASQEP,vasqep_P1_charged_H
VATMIQ,vatmiq_P1_charged_H
VATNOX,vatnox_P1_H
VATQAM,vatqam_P1_charged_H
VATVIY,vatviy_P1_H
VATVOE,vatvoe_P1_H
VATYEV,vatyev_P1_charged_H
VAXTEV,vaxtev_P1_H
VAXVOJ,vaxvoj_P1_H
VAZHEN,vazhen_P1_H
VAZJAK,vazjak_P1_H
VAZMUI,vazmui_P1_charged_H
VEBLIB,veblib_P1_H
VECPOM,vecpom_P1_H
VEFJOG,vefjog_P1_charged_H
VEGBUG,vegbug_P1_H
VEGCAN,vegcan_P1_H
VEHKOK,vehkok_P1_charged_H
VEHYUE,vehyue_P1_H
VEJHEZ,vejhez_P1_H
VELGIF,velgif_P1_H
VEMDAT,vemdat_P1_charged_H
VENGAZ,vengaz_P1_charged_H
VERGAD,vergad_P1_H
VETMIS,vetmis_P1_H
VEWDAF,vewdaf_P1_H
VEWKUF,vewkuf_P1_charged_H
VEWLAM,vewlam_P1_H
VEWTAV,vewtav_P1_charged_H
VEWTEZ,vewtez_P1_charged_H
VEZLIY,vezliy_P1_H
VIBFAQ,vibfaq_P1_H
VIDCOD,vidcod_P1_H
VIDNOO,vidnoo_P1_H
VIDPIJ,vidpij_P1_H
VIDRUX,vidrux_P1_H
VIDXOX,vidxox_P1_H
VIFBOD,vifbod_P1_H
VIFBUJ,vifbuj_P1_H
VIGDIY,vigdiy_P1_H
VINHEH,vinheh_P1_charged_H
VINHIL,vinhil_P1_H
VIPCUV,vipcuv_P1_H
VIRPOC,virpoc_P1_H
VISYUU,visyuu_P1_H
VISZEF,viszef_P1_H
VITYOO,vityoo_P1_charged_H
VITYUU,vityuu_P1_charged_H
VITZAB,vitzab_P1_charged_H
VITZEF,vitzef_P1_charged_H
VITZIJ,vitzij_P1_charged_H
VITZOP,vitzop_P1_charged_H
VIWKIX,viwkix_P1_charged_H
VIWKOD,viwkod_P1_charged_H
VIWLAQ,viwlaq_P1_charged_H
VIWLEU,viwleu_P1_charged_H
VIWLIY,viwliy_P1_charged_H
VIWLOE,viwloe_P1_charged_H
VIWMAR,viwmar_P1_charged_H
VIWMEV,viwmev_P1_charged_H
VIXPUP02,vixpup02_P1_H
VIXZUZ,vixzuz_P1_H
VIYBEN,viyben_P1_H
VIYSAA,viysaa_P1_H
VIZFOC,vizfoc_P1_H
VIZQEC,vizqec_P1_H
VIZQIG,vizqig_P1_H
VIZQOM,vizqom_P1_H
VIZRED,vizred_P1_H
VODPOU,vodpou_P1_charged_H
VODSEM,vodsem_P1_H
VOFXEW01,vofxew01_P1_H
VOGTIV,vogtiv_P1_H
VOKLIS,voklis_P1_H
VOKLIS01,voklis01_P1_H
VOKQET,vokqet_P1_H
VOLQAQ,volqaq_P1_H
VONCOS,voncos_P1_H
VOSWAE,voswae_P1_H
VOSWIL,voswil_P1_charged_H
VOVKUO,vovkuo_P1_charged_H
VOXKIE,voxkie_P1_H
VUCFAD,vucfad_P1_charged_H
VUDXID,vudxid_P1_H
VUGWUR,vugwur_P1_H
VUGXAY,vugxay_P1_H
VUGXEC,vugxec_P1_H
VUGXIG,vugxig_P1_H
VUGXOM,vugxom_P1_H
VUGXUS,vugxus_P1_H
VUGYAZ,vugyaz_P1_H
VUGYED,vugyed_P1_H
VUGYIH,vugyih_P1_H
VUJBEI,vujbei_P1_H
VUJBIM,vujbim_P1_H
VUMBIQ,vumbiq_P1_H
VUMPOL,vumpol_P1_charged_H
VUMPUR,vumpur_P1_charged_H
VUMQAY,vumqay_P1_charged_H
VUMQEC,vumqec_P1_charged_H
VUPROQ,vuproq_P1_H
VUQKOI,vuqkoi_P1_H
VUQKUO,vuqkuo_P1_H
VUQWEK,vuqwek_P1_H
VUVXUI,vuvxui_P1_H
VUVYET,vuvyet_P1_H
VUVYIX,vuvyix_P1_H
VUVYOD,vuvyod_P1_H
VUWSAJ,vuwsaj_P1_H
VUYJIK,vuyjik_P1_H
WACLEV,waclev_P1_charged_H
WADDEN,wadden_P1_H
WAGYIQ,wagyiq_P1_H
WAGZEL,wagzel_P1_charged_H
WAHBOA04,wahboa04_P1_H
WAHBOA05,wahboa05_P1_H
WAHBOA06,wahboa06_P1_H
WAHBOA07,wahboa07_P1_H
WAHRIJ,wahrij_P1_charged_H
WAJHOG,wajhog_P1_H
WALMOO,walmoo_P1_H
WAMREJ,wamrej_P1_H
WAQFIG,waqfig_P1_H
WAQTAM,waqtam_P1_H
WAQTEQ,waqteq_P1_H
WASBUR,wasbur_P1_H
WASCAY,wascay_P1_H
WASNOU,wasnou_P1_charged_H
WASQIT,wasqit_P1_charged_H
WASTUG,wastug_P1_H
WAVQIV,wavqiv_P1_charged_H
WAVQOB,wavqob_P1_charged_H
WAVRAO,wavrao_P1_H
WAVRIW,wavriw_P1_H
WAVROC,wavroc_P1_H
WAVWAV,wavwav_P1_H
WAWGOQ,wawgoq_P1_H
WAYMAM,waymam_P1_H
WAYMEQ,waymeq_P1_H
WEBKOD,webkod_P1_charged_H
WEFSEF,wefsef_P1_charged_H
WEGDET,wegdet_P1_H
WEHHOI,wehhoi_P1_H
WEHHUO,wehhuo_P1_H
WEHJAW,wehjaw_P1_H
WEHJEA,wehjea_P1_H
WEHJIE,wehjie_P1_H
WEHJOK,wehjok_P1_H
WEHNAA,wehnaa_P1_H
WELTUD,weltud_P1_charged_H
WEMFUR,wemfur_P1_H
WENREP,wenrep_P1_H
WENSOA,wensoa_P1_charged_H
WEQRAO,weqrao_P1_H
WERCEE,wercee_P1_charged_H
WERCII,wercii_P1_charged_H
WERCOO,wercoo_P1_charged_H
WERCUU,wercuu_P1_charged_H
WERDAB,werdab_P1_H
WETFUZ,wetfuz_P1_H
WEVYEE,wevyee_P1_H
WEWGAH,wewgah_P1_H
WIDREH,widreh_P1_H
WIDWOX,widwox_P1_charged_H
WIGHIG,wighig_P1_H
WIGPUA,wigpua_P1_H
WIHHAZ,wihhaz_P1_H
WIJRIT,wijrit_P1_H
WIJXEU,wijxeu_P1_H
WINJAG,winjag_P1_charged_H
WIPLOY,wiploy_P1_charged_H
WIRCAD,wircad_P1_H
WIRCOS,wircos_P1_H
WISTID,wistid_P1_H
WISVID,wisvid_P1_charged_H
WITJUG,witjug_P1_charged_H
WIVRIE,wivrie_P1_H
WIXLAT,wixlat_P1_H
WIZDEP,wizdep_P1_H
WOBHEB01,wobheb01_P1_H
WOCHAY,wochay_P1_H
WODPUC,wodpuc_P1_H
WODWUJ,wodwuj_P1_H
WODXAQ,wodxaq_P1_H
WODXEU,wodxeu_P1_H
WOFQEQ,wofqeq_P1_charged_H
WOFQIU,wofqiu_P1_charged_H
WOFQOA,wofqoa_P1_charged_H
WOFVOF,wofvof_P1_H
WOGBAY,wogbay_P1_H
WOGNOY,wognoy_P1_H
WOGPAM,wogpam_P1_H
WOHZAU,wohzau_P1_H
WOHZAU01,wohzau01_P1_H
WOJZAY,wojzay_P1_H
WOJZEC,wojzec_P1_H
WOJZIG,wojzig_P1_H
WONVIH,wonvih_P1_H
WOPHIU,wophiu_P1_H
WOPHIU01,wophiu01_P1_H
WOPROK,woprok_P1_H
WOPSOL,wopsol_P1_H
WOPSOL01,wopsol01_P1_H
WOQVAB,woqvab_P1_H
WORKUL,workul_P1_H
WORLAS,worlas_P1_H
WOSHET,woshet_P1_H
WOTVOT,wotvot_P1_H
WOXPAA,woxpaa_P1_H
WOYHUP,woyhup_P1_charged_H
WOYJAX,woyjax_P1_charged_H
WOYJEB,woyjeb_P1_charged_H
WOYJIF,woyjif_P1_charged_H
WOYJOL,woyjol_P1_charged_H
WOYWEO,woyweo_P1_H
WOYWIS,woywis_P1_charged_H
WOYWOY,woywoy_P1_H
WOZWEP,wozwep_P1_charged_H
WUDVEY,wudvey_P1_H
WUHHEN,wuhhen_P1_H
WUHMAP,wuhmap_P1_H
WUJRUQ,wujruq_P1_H
WULWOS,wulwos_P1_H
WULWUY,wulwuy_P1_H
WUPZUE,wupzue_P1_H
WUTBES,wutbes_P1_H
WUTBIW,wutbiw_P1_H
WUTBOC,wutboc_P1_H
WUTBUI,wutbui_P1_H
WUTXUH,wutxuh_P1_charged_H
WUYYIA,wuyyia_P1_H
XADDAJ,xaddaj_P1_H
XADGAM,xadgam_P1_H
XAFBEN,xafben_P1_charged_H
XAFCOY,xafcoy_P1_H
XAFFAN,xaffan_P1_H
XAFFER,xaffer_P1_H
XAFFIV,xaffiv_P1_H
XAFFOB,xaffob_P1_H
XAFFUH,xaffuh_P1_H
XAHKAW,xahkaw_P1_H
XAHPED,xahped_P1_H
XAHPIH,xahpih_P1_H
XAHPON,xahpon_P1_H
XAHPUT,xahput_P1_H
XAHQAA,xahqaa_P1_H
XAJSEJ,xajsej_P1_H
XAKGOJ,xakgoj_P1_H
XAKWUC,xakwuc_P1_H
XAKYUE,xakyue_P1_H
XALXUF,xalxuf_P1_H
XALXUF01,xalxuf01_P1_H
XAMDUM,xamdum_P1_H
XAMDUM01,xamdum01_P1_H
XAMDUM02,xamdum02_P1_H
XAMDUM03,xamdum03_P1_H
XAMDUM04,xamdum04_P1_H
XAMDUM05,xamdum05_P1_H
XAMDUM06,xamdum06_P1_H
XAMDUM07,xamdum07_P1_H
XAMGUQ,xamguq_P1_H
XAMRAI,xamrai_P1_H
XAMREM,xamrem_P1_H
XAMRIQ,xamriq_P1_H
XAMROW,xamrow_P1_H
XANDAU,xandau_P1_H
XANLEF,xanlef_P1_H
XANLIJ,xanlij_P1_H
XANYOE,xanyoe_P1_H
XAPGED,xapged_P1_charged_H
XAPNIN,xapnin_P1_charged_H
XASNUD,xasnud_P1_charged_H
XASPEP,xaspep_P1_charged_H
XATLUC,xatluc_P1_H
XATZOK,xatzok_P1_H
XAVDEF,xavdef_P1_H
XAWVUN,xawvun_P1_H
XEBHOC,xebhoc_P1_H
XECJUK01,xecjuk01_P1_H
XECQIJ,xecqij_P1_H
XECZOY,xeczoy_P1_H
XEDDIX,xeddix_P1_H
XEDGIY,xedgiy_P1_H
XEDMEB,xedmeb_P1_H
XEDYIS,xedyis_P1_H
XEHDOG,xehdog_P1_charged_H
XEHFUL01,xehful01_P1_H
XEHFUL02,xehful02_P1_H
XEJGOL,xejgol_P1_charged_H
XEJJIG,xejjig_P1_H
XEJJOM,xejjom_P1_H
XEJXER,xejxer_P1_H
XEKDAW,xekdaw_P1_H
XEMNUB,xemnub_P1_H
XESCOO,xescoo_P1_H
XESKEN,xesken_P1_H
XESKIR,xeskir_P1_H
XESKOX,xeskox_P1_H
XESKUD,xeskud_P1_H
XESLAK,xeslak_P1_H
XEWCUA,xewcua_P1_H
XEWFAI,xewfai_P1_H
XEYMAR,xeymar_P1_H
XEYMIZ,xeymiz_P1_charged_H
XEZRIG,xezrig_P1_H
XIBZUF,xibzuf_P1_H
XIDCEV,xidcev_P1_H
XIDCIZ,xidciz_P1_H
XILRAO,xilrao_P1_charged_H
XIMJOV,ximjov_P1_charged_H
XIMJUB,ximjub_P1_charged_H
XIMNOZ,ximnoz_P1_H
XINRAP,xinrap_P1_H
XINYAW,xinyaw_P1_H
XIPHIN,xiphin_P1_charged_H
XIQYUU,xiqyuu_P1_charged_H
XISPUM01,xispum01_P1_H
XISXEE,xisxee_P1_H
XITYOP,xityop_P1_H
XIVBAI,xivbai_P1_H
XOBREM,xobrem_P1_H
XOFFUT,xoffut_P1_charged_H
XOGXAU,xogxau_P1_H
XOHLEM,xohlem_P1_H
XOHLEM01,xohlem01_P1_H
XOJWOJ,xojwoj_P1_charged_H
XOJXEA,xojxea_P1_charged_H
XOKHAH,xokhah_P1_H
XOKHIP,xokhip_P1_H
XOKHOW,xokhow_P1_H
XOMMOD,xommod_P1_H
XORDUG,xordug_P1_charged_H
XOTGUI,xotgui_P1_charged_H
XOTSIK,xotsik_P1_H
XOTXAG,xotxag_P1_H
XOVVEK,xovvek_P1_H
XOVVIO,xovvio_P1_H
XOXMED,xoxmed_P1_H
XOXTIQ,xoxtiq_P1_H
XOXZUI,xoxzui_P1_H
XUBGUY,xubguy_P1_H
XUCNOZ,xucnoz_P1_H
XUCSAR,xucsar_P1_H
XUCSAR01,xucsar01_P1_H
XUDNUH,xudnuh_P1_H
XUDPIX,xudpix_P1_H
XUDYOM,xudyom_P1_charged_H
XUFWOM,xufwom_P1_H
XUFXED,xufxed_P1_charged_H
XUGROI,xugroi_P1_H
XUGWAZ,xugwaz_P1_H
XUKMEY,xukmey_P1_charged_H
XUKMIC03,xukmic03_P1_charged_H
XUKMUO,xukmuo_P1_charged_H
XULDEP,xuldep_P1_H
XULDOZ,xuldoz_P1_H
XUMFIV,xumfiv_P1_H
XUMNIE,xumnie_P1_H
XUNVAF,xunvaf_P1_H
XURNUU,xurnuu_P1_H
XUSZAP,xuszap_P1_H
XUSZET,xuszet_P1_H
XUTQEI,xutqei_P1_H
XUTQOV,xutqov_P1_H
XUTQOV01,xutqov01_P1_H
XUWVUG,xuwvug_P1_H
XUXPEO,xuxpeo_P1_H
YABHER,yabher_P1_H
YAFMIF,yafmif_P1_charged_H
YAJQIN,yajqin_P1_H
YAKCUM,yakcum_P1_charged_H
YALTUE,yaltue_P1_H
YAPPEO,yappeo_P1_charged_H
YAPPOY,yappoy_P1_charged_H
YAPRUE,yaprue_P1_charged_H
YAPRUE01,yaprue01_P1_H
YAPSAL,yapsal_P1_charged_H
YAQBAX,yaqbax_P1_charged_H
YAQZAT,yaqzat_P1_charged_H
YAQZEX,yaqzex_P1_charged_H
YARYOF,yaryof_P1_H
YASLOW,yaslow_P1_charged_H
YATDUV,yatduv_P1_H
YAVZUT,yavzut_P1_H
YAWBAC,yawbac_P1_H
YAWKOX,yawkox_P1_H
YAWXED,yawxed_P1_H
YAYQOH,yayqoh_P1_H
YAZWOM,yazwom_P1_H
YEBLAT,yeblat_P1_charged_H
YEDKUO,yedkuo_P1_H
YEJDEA,yejdea_P1_H
YEKBOJ,yekboj_P1_charged_H
YEKQOW,yekqow_P1_H
YEKWOC,yekwoc_P1_H
YELYOE,yelyoe_P1_H
YEMGED,yemged_P1_charged_H
YEMJAC,yemjac_P1_H
YEMMAF,yemmaf_P1_H
YERFUZ,yerfuz_P1_H
YERLIT,yerlit_P1_H
YESSUN,yessun_P1_charged_H
YESTAU,yestau_P1_charged_H
YEVKAO,yevkao_P1_charged_H
YEVTOL,yevtol_P1_charged_H
YEVTUR,yevtur_P1_charged_H
YEWKAP,yewkap_P1_charged_H
YIKJOT,yikjot_P1_charged_H
YIKLUZ,yikluz_P1_H
YILBIG,yilbig_P1_H
YINDOQ,yindoq_P1_H
YINXIE,yinxie_P1_charged_H
YIRZAC,yirzac_P1_H
YISVEE,yisvee_P1_H
YITGOA,yitgoa_P1_H
YIVZIO,yivzio_P1_H
YIWFAO,yiwfao_P1_H
YOCGAZ,yocgaz_P1_H
YOCPEN,yocpen_P1_H
YODJEI,yodjei_P1_charged_H
YODRAM,yodram_P1_H
YODWOF,yodwof_P1_charged_H
YOFLUB,yoflub_P1_H
YOGHAF,yoghaf_P1_H
YOGKOW,yogkow_P1_H
YOGXOK,yogxok_P1_H
YOLHAL,yolhal_P1_charged_H
YOMBAE,yombae_P1_H
YOQLAT,yoqlat_P1_H
YORGOD,yorgod_P1_H
YORKOG,yorkog_P1_H
YOSDUG,yosdug_P1_H
YOTREG,yotreg_P1_charged_H
YOTXOW,yotxow_P1_H
YOXGOJ,yoxgoj_P1_H
YOYZAP,yoyzap_P1_H
YOYZET,yoyzet_P1_H
YOZQAG,yozqag_P1_H
YOZQEK,yozqek_P1_charged_H
YUBLIT,yublit_P1_H
YUBZIH,yubzih_P1_H
YUDFIO,yudfio_P1_H
YUDFOU,yudfou_P1_H
YUGLES,yugles_P1_H
YUJCOX,yujcox_P1_H
YUJGES,yujges_P1_charged_H
YUKLEY,yukley_P1_charged_H
YULVAF,yulvaf_P1_charged_H
YUMKAV,yumkav_P1_H
YUNKIC,yunkic_P1_charged_H
YURKAY,yurkay_P1_H
YUSTUC,yustuc_P1_charged_H
YUSWEP,yuswep_P1_H
YUVMIO,yuvmio_P1_charged_H
YUWGUV,yuwguv_P1_H
YUXJEJ,yuxjej_P1_H
YUXJIN,yuxjin_P1_H
YUYLIP,yuylip_P1_charged_H
YUYLOV,yuylov_P1_charged_H
YUZPEQ,yuzpeq_P1_H
YUZPOA,yuzpoa_P1_H
ZADGAQ,zadgaq_P1_charged_H
ZAFXAI,zafxai_P1_charged_H
ZAGZAM,zagzam_P1_charged_H
ZAGZEQ,zagzeq_P1_charged_H
ZAHBAP,zahbap_P1_charged_H
ZAHBET,zahbet_P1_charged_H
ZAHLIG,zahlig_P1_H
ZAHLOM,zahlom_P1_H
ZAJMEG,zajmeg_P1_charged_H
ZALGEB,zalgeb_P1_H
ZALGOL,zalgol_P1_charged_H
ZAMQOX,zamqox_P1_H
ZAQSET,zaqset_P1_charged_H
ZARLEL,zarlel_P1_H
ZARMAI,zarmai_P1_charged_H
ZATPIW,zatpiw_P1_H
ZATPOC,zatpoc_P1_H
ZATYAX,zatyax_P1_H
ZAXSAV,zaxsav_P1_H
ZAYJOA,zayjoa_P1_H
ZAYPOH,zaypoh_P1_charged_H
ZAYXEF,zayxef_P1_charged_H
ZEBMAW,zebmaw_P1_H
ZEDGAU,zedgau_P1_charged_H
ZEDGIC,zedgic_P1_charged_H
ZEDGOI,zedgoi_P1_charged_H
ZEDVIP,zedvip_P1_charged_H
ZEDVOV,zedvov_P1_charged_H
ZEDVUB,zedvub_P1_charged_H
ZEDWAI,zedwai_P1_charged_H
ZEDZAL,zedzal_P1_H
ZEDZAL01,zedzal01_P1_H
ZEFDEW,zefdew_P1_H
ZEFDIA,zefdia_P1_H
ZEFDOG,zefdog_P1_H
ZEFKAA,zefkaa_P1_H
ZEFKII,zefkii_P1_H
ZEFLED,zefled_P1_H
ZEFYIU,zefyiu_P1_charged_H
ZEHDOJ,zehdoj_P1_H
ZEHTEP,zehtep_P1_charged_H
ZEJFAY,zejfay_P1_H
ZEVYOR,zevyor_P1_H
ZEWPOJ,zewpoj_P1_H
ZEXSOM,zexsom_P1_H
ZEYRIH,zeyrih_P1_H
ZEYRON,zeyron_P1_charged_H
ZEZFIV,zezfiv_P1_charged_H
ZIDDIB,ziddib_P1_H
ZIDVAL,zidval_P1_charged_H
ZIFGOM,zifgom_P1_H
ZIFZOG,zifzog_P1_charged_H
ZIFZUM,zifzum_P1_charged_H
ZIGQAK,zigqak_P1_H
ZIGQIS,zigqis_P1_charged_H
ZIJXOI,zijxoi_P1_charged_H
ZIKGEI,zikgei_P1_charged_H
ZIKJOU,zikjou_P1_H
ZILFOR,zilfor_P1_H
ZINDAD,zindad_P1_H
ZINRIA,zinria_P1_H
ZIPRUO,zipruo_P1_H
ZIQGOX,ziqgox_P1_H
ZIQRAV,ziqrav_P1_H
ZIQREZ,ziqrez_P1_H
ZIQROJ,ziqroj_P1_H
ZIQSAW,ziqsaw_P1_H
ZITFAM,zitfam_P1_H
ZIYSEI,ziysei_P1_charged_H
ZOCWUM,zocwum_P1_H
ZOCXAT,zocxat_P1_H
ZOCXEX,zocxex_P1_H
ZOFKIR,zofkir_P1_H
ZOFKOX,zofkox_P1_H
ZOFKUD,zofkud_P1_H
ZOFLAK,zoflak_P1_H
ZOFLEO,zofleo_P1_H
ZOFLIS,zoflis_P1_H
ZOFZIF,zofzif_P1_H
ZOGRIZ,zogriz_P1_H
ZOHFUZ,zohfuz_P1_charged_H
ZOHJUE,zohjue_P1_H
ZOLSIF,zolsif_P1_H
ZONBAH,zonbah_P1_H
ZOVHUQ,zovhuq_P1_H
ZOYFOL,zoyfol_P1_H
ZOYKAB,zoykab_P1_H
ZOZKAC,zozkac_P1_H
ZOZKEG,zozkeg_P1_H
ZOZQOX,zozqox_P1_charged_H
ZOZQUD,zozqud_P1_charged_H
ZUBFIN,zubfin_P1_H
ZUDQEW,zudqew_P1_H
ZUJXIO,zujxio_P1_H
ZUKNAW,zuknaw_P1_charged_H
ZUKSEG,zukseg_P1_H
ZUKXIP,zukxip_P1_H
ZUKXIP01,zukxip01_P1_H
ZUKXIP03,zukxip03_P1_H
ZUKXOV,zukxov_P1_H
ZUKXOV02,zukxov02_P1_H
ZUQNAD,zuqnad_P1_H
ZUQNEH,zuqneh_P1_H
ZURQOS,zurqos_P1_H
ZURRIN,zurrin_P1_H
ZUVTEP,zuvtep_P1_H
ZUWHEH,zuwheh_P1_H
ZUZVOI,zuzvoi_P1_H
ZUZVUO,zuzvuo_P1_H
